{"stats":{"minecraft:crafted":{"minecraft:cooked_beef":20,"minecraft:oak_planks":40,"minecraft:cooked_porkchop":4,"minecraft:crafting_table":2,"minecraft:iron_helmet":1,"minecraft:wooden_pickaxe":1,"minecraft:baked_potato":8,"minecraft:iron_sword":1,"minecraft:furnace":2,"minecraft:golden_shovel":1,"minecraft:stone_axe":1,"minecraft:air":0,"minecraft:iron_boots":1,"minecraft:iron_chestplate":1,"minecraft:shield":1,"minecraft:stick":20,"minecraft:iron_ingot":26,"minecraft:iron_pickaxe":1,"minecraft:stone_pickaxe":1,"minecraft:wooden_axe":1,"minecraft:stone_sword":1,"minecraft:iron_leggings":1,"minecraft:torch":16},"minecraft:mined":{"minecraft:tuff":2,"minecraft:deepslate_diamond_ore":5,"minecraft:glow_lichen":1,"minecraft:crafting_table":4,"minecraft:torch":1,"minecraft:granite":6,"minecraft:grass_block":32,"minecraft:poppy":1,"minecraft:redstone_wire":6,"minecraft:copper_ore":1,"minecraft:tall_grass":12,"minecraft:cobblestone":14,"minecraft:lapis_ore":1,"minecraft:diorite":19,"minecraft:wall_torch":1,"minecraft:furnace":3,"minecraft:carrots":18,"minecraft:iron_ore":23,"minecraft:wheat":23,"minecraft:andesite":8,"minecraft:birch_leaves":1,"minecraft:deepslate_lapis_ore":1,"minecraft:pointed_dripstone":1,"minecraft:grass":32,"minecraft:coal_ore":53,"minecraft:potatoes":9,"minecraft:oak_log":28,"minecraft:deepslate_iron_ore":3,"minecraft:rail":1,"minecraft:gravel":2,"minecraft:dripstone_block":1,"minecraft:dirt":13,"minecraft:cobweb":8,"minecraft:stone":219,"minecraft:gold_ore":1,"minecraft:oak_leaves":4,"minecraft:deepslate":24},"minecraft:used":{"minecraft:poppy":1,"minecraft:stone_pickaxe":51,"minecraft:redstone":6,"minecraft:baked_potato":8,"minecraft:wooden_pickaxe":20,"minecraft:shield":40,"minecraft:iron_sword":133,"minecraft:torch":46,"minecraft:crafting_table":6,"minecraft:carrot":14,"minecraft:golden_shovel":15,"minecraft:granite":2,"minecraft:wooden_axe":32,"minecraft:bread":5,"minecraft:iron_pickaxe":338,"minecraft:gravel":3,"minecraft:stone_axe":2,"minecraft:cobblestone":204,"minecraft:furnace":5,"minecraft:cooked_porkchop":4,"minecraft:cooked_beef":4},"minecraft:picked_up":{"minecraft:crafting_table":4,"minecraft:wheat":2,"minecraft:andesite":11,"minecraft:leather":9,"minecraft:potato":9,"minecraft:flint":1,"minecraft:tuff":2,"minecraft:oak_log":28,"minecraft:dirt":44,"minecraft:lapis_lazuli":15,"minecraft:string":17,"minecraft:raw_copper":4,"minecraft:bone":5,"minecraft:wheat_seeds":34,"minecraft:cobbled_deepslate":22,"minecraft:raw_gold":1,"minecraft:beef":20,"minecraft:poppy":1,"minecraft:glass_bottle":1,"minecraft:glowstone_dust":1,"minecraft:oak_planks":1,"minecraft:furnace":3,"minecraft:raw_iron":26,"minecraft:torch":3,"minecraft:gravel":7,"minecraft:porkchop":4,"minecraft:pointed_dripstone":1,"minecraft:diorite":17,"minecraft:carrot":16,"minecraft:redstone":6,"minecraft:spider_eye":1,"minecraft:arrow":3,"minecraft:rotten_flesh":14,"minecraft:diamond":5,"minecraft:granite":6,"minecraft:mutton":10,"minecraft:white_wool":6,"minecraft:coal":87,"minecraft:rail":4,"minecraft:cobblestone":228},"minecraft:broken":{"minecraft:iron_pickaxe":1},"minecraft:killed":{"minecraft:pig":2,"minecraft:witch":1,"minecraft:spider":6,"minecraft:creeper":1,"minecraft:sheep":6,"minecraft:skeleton":5,"minecraft:zombie":11,"minecraft:chicken":1,"minecraft:cow":9},"minecraft:custom":{"minecraft:interact_with_furnace":51,"minecraft:mob_kills":43,"minecraft:interact_with_crafting_table":17,"minecraft:time_since_death":66000,"minecraft:climb_one_cm":559,"minecraft:time_since_rest":66000,"minecraft:sprint_one_cm":279275,"minecraft:damage_taken":1531,"minecraft:walk_one_cm":136712,"minecraft:damage_blocked_by_shield":2640,"minecraft:drop":28,"minecraft:damage_dealt":7037,"minecraft:swim_one_cm":8802,"minecraft:fly_one_cm":314499,"minecraft:crouch_one_cm":11213,"minecraft:play_time":66000,"minecraft:sneak_time":5777,"minecraft:walk_under_water_one_cm":2710,"minecraft:jump":1834,"minecraft:walk_on_water_one_cm":3997,"minecraft:total_world_time":66000,"minecraft:fall_one_cm":63938},"minecraft:dropped":{"minecraft:gravel":4,"minecraft:raw_copper":4,"minecraft:stone_sword":1,"minecraft:tuff":2,"minecraft:wheat":2,"minecraft:pointed_dripstone":1,"minecraft:rotten_flesh":13,"minecraft:granite":4,"minecraft:rail":4,"minecraft:flint":1,"minecraft:diorite":17,"minecraft:andesite":11,"minecraft:wooden_axe":1,"minecraft:spider_eye":1,"minecraft:arrow":1,"minecraft:wooden_pickaxe":1,"minecraft:stone_pickaxe":1,"minecraft:raw_gold":1,"minecraft:string":17,"minecraft:bone":1,"minecraft:redstone":5}},"DataVersion":3465}