{"stats":{"minecraft:picked_up":{"minecraft:lilac":1},"minecraft:custom":{"minecraft:jump":367,"minecraft:time_since_rest":40,"minecraft:leave_game":1,"minecraft:deaths":1,"minecraft:crouch_one_cm":1493,"minecraft:sprint_one_cm":21652,"minecraft:play_time":8160,"minecraft:damage_taken":240,"minecraft:time_since_death":0,"minecraft:walk_one_cm":24805,"minecraft:sneak_time":403,"minecraft:total_world_time":8160,"minecraft:drop":1,"minecraft:fall_one_cm":12042,"minecraft:fly_one_cm":44405},"minecraft:dropped":{"minecraft:lilac":1}},"DataVersion":3465}