{"stats":{"minecraft:crafted":{"minecraft:oak_planks":40,"minecraft:cooked_porkchop":4,"minecraft:crafting_table":2,"minecraft:iron_helmet":1,"minecraft:wooden_pickaxe":1,"minecraft:baked_potato":8,"minecraft:iron_sword":1,"minecraft:furnace":2,"minecraft:stone_axe":1,"minecraft:air":0,"minecraft:iron_boots":1,"minecraft:iron_chestplate":1,"minecraft:shield":1,"minecraft:stick":16,"minecraft:iron_ingot":26,"minecraft:iron_pickaxe":1,"minecraft:stone_pickaxe":1,"minecraft:wooden_axe":1,"minecraft:stone_sword":1,"minecraft:iron_leggings":1,"minecraft:torch":16},"minecraft:mined":{"minecraft:deepslate_diamond_ore":5,"minecraft:glow_lichen":1,"minecraft:crafting_table":4,"minecraft:torch":1,"minecraft:granite":5,"minecraft:redstone_wire":6,"minecraft:tall_grass":1,"minecraft:cobblestone":9,"minecraft:lapis_ore":1,"minecraft:diorite":19,"minecraft:wall_torch":1,"minecraft:furnace":2,"minecraft:carrots":18,"minecraft:iron_ore":23,"minecraft:wheat":23,"minecraft:birch_leaves":1,"minecraft:deepslate_lapis_ore":1,"minecraft:pointed_dripstone":1,"minecraft:grass":7,"minecraft:coal_ore":26,"minecraft:potatoes":9,"minecraft:oak_log":28,"minecraft:deepslate_iron_ore":3,"minecraft:rail":1,"minecraft:gravel":2,"minecraft:dripstone_block":1,"minecraft:cobweb":8,"minecraft:stone":66,"minecraft:gold_ore":1,"minecraft:oak_leaves":4,"minecraft:deepslate":21},"minecraft:used":{"minecraft:stone_pickaxe":51,"minecraft:redstone":6,"minecraft:baked_potato":3,"minecraft:wooden_pickaxe":18,"minecraft:shield":28,"minecraft:iron_sword":71,"minecraft:torch":46,"minecraft:crafting_table":5,"minecraft:carrot":14,"minecraft:granite":2,"minecraft:wooden_axe":32,"minecraft:bread":5,"minecraft:iron_pickaxe":123,"minecraft:gravel":3,"minecraft:stone_axe":2,"minecraft:cobblestone":48,"minecraft:furnace":3,"minecraft:cooked_porkchop":4},"minecraft:picked_up":{"minecraft:crafting_table":4,"minecraft:wheat":2,"minecraft:andesite":3,"minecraft:potato":9,"minecraft:flint":1,"minecraft:oak_log":28,"minecraft:lapis_lazuli":12,"minecraft:string":14,"minecraft:bone":1,"minecraft:wheat_seeds":28,"minecraft:cobbled_deepslate":17,"minecraft:raw_gold":1,"minecraft:glass_bottle":1,"minecraft:glowstone_dust":1,"minecraft:oak_planks":1,"minecraft:furnace":2,"minecraft:raw_iron":26,"minecraft:torch":3,"minecraft:gravel":7,"minecraft:porkchop":4,"minecraft:pointed_dripstone":1,"minecraft:diorite":17,"minecraft:carrot":16,"minecraft:redstone":6,"minecraft:spider_eye":1,"minecraft:arrow":1,"minecraft:rotten_flesh":11,"minecraft:diamond":5,"minecraft:granite":5,"minecraft:coal":39,"minecraft:rail":4,"minecraft:cobblestone":72},"minecraft:killed":{"minecraft:pig":2,"minecraft:witch":1,"minecraft:spider":4,"minecraft:creeper":1,"minecraft:skeleton":2,"minecraft:zombie":8},"minecraft:custom":{"minecraft:interact_with_furnace":37,"minecraft:mob_kills":19,"minecraft:interact_with_crafting_table":15,"minecraft:time_since_death":42000,"minecraft:time_since_rest":42000,"minecraft:sprint_one_cm":192202,"minecraft:damage_taken":1127,"minecraft:walk_one_cm":86948,"minecraft:damage_blocked_by_shield":1965,"minecraft:drop":18,"minecraft:damage_dealt":3750,"minecraft:swim_one_cm":3918,"minecraft:fly_one_cm":138248,"minecraft:crouch_one_cm":8489,"minecraft:play_time":42000,"minecraft:sneak_time":4422,"minecraft:walk_under_water_one_cm":576,"minecraft:jump":928,"minecraft:walk_on_water_one_cm":2887,"minecraft:total_world_time":42000,"minecraft:fall_one_cm":32027},"minecraft:dropped":{"minecraft:gravel":4,"minecraft:wheat":2,"minecraft:pointed_dripstone":1,"minecraft:rotten_flesh":2,"minecraft:granite":3,"minecraft:rail":4,"minecraft:flint":1,"minecraft:diorite":17,"minecraft:andesite":3,"minecraft:wooden_axe":1,"minecraft:spider_eye":1,"minecraft:arrow":1,"minecraft:string":12,"minecraft:bone":1,"minecraft:redstone":5}},"DataVersion":3465}