{"stats":{"minecraft:crafted":{"minecraft:oak_planks":28,"minecraft:shield":1,"minecraft:crafting_table":1,"minecraft:stick":16,"minecraft:iron_pickaxe":1,"minecraft:iron_ingot":8,"minecraft:wooden_pickaxe":1,"minecraft:stone_pickaxe":1,"minecraft:wooden_axe":1,"minecraft:stone_sword":1,"minecraft:iron_sword":1,"minecraft:furnace":1,"minecraft:torch":16,"minecraft:stone_axe":1,"minecraft:air":0},"minecraft:mined":{"minecraft:carrots":18,"minecraft:iron_ore":8,"minecraft:wheat":23,"minecraft:birch_leaves":1,"minecraft:crafting_table":2,"minecraft:torch":1,"minecraft:granite":4,"minecraft:grass":7,"minecraft:oak_log":28,"minecraft:potatoes":9,"minecraft:coal_ore":8,"minecraft:rail":1,"minecraft:gravel":2,"minecraft:tall_grass":1,"minecraft:stone":25,"minecraft:wall_torch":1,"minecraft:diorite":16,"minecraft:oak_leaves":4,"minecraft:deepslate":3},"minecraft:used":{"minecraft:wooden_axe":31,"minecraft:stone_pickaxe":49,"minecraft:wooden_pickaxe":18,"minecraft:stone_axe":1,"minecraft:torch":9,"minecraft:cobblestone":2,"minecraft:crafting_table":3,"minecraft:furnace":1,"minecraft:carrot":13,"minecraft:granite":2},"minecraft:picked_up":{"minecraft:raw_iron":8,"minecraft:crafting_table":2,"minecraft:wheat":2,"minecraft:torch":2,"minecraft:potato":9,"minecraft:gravel":2,"minecraft:porkchop":4,"minecraft:oak_log":28,"minecraft:diorite":16,"minecraft:carrot":15,"minecraft:wheat_seeds":28,"minecraft:cobbled_deepslate":3,"minecraft:granite":4,"minecraft:coal":8,"minecraft:cobblestone":23},"minecraft:killed":{"minecraft:pig":2},"minecraft:custom":{"minecraft:time_since_rest":18000,"minecraft:interact_with_furnace":11,"minecraft:sprint_one_cm":54542,"minecraft:damage_taken":420,"minecraft:walk_one_cm":27921,"minecraft:mob_kills":2,"minecraft:damage_dealt":200,"minecraft:interact_with_crafting_table":9,"minecraft:swim_one_cm":3918,"minecraft:fly_one_cm":70058,"minecraft:crouch_one_cm":4380,"minecraft:play_time":18000,"minecraft:sneak_time":2416,"minecraft:walk_under_water_one_cm":576,"minecraft:jump":462,"minecraft:walk_on_water_one_cm":2172,"minecraft:time_since_death":18000,"minecraft:total_world_time":18000,"minecraft:fall_one_cm":18923}},"DataVersion":3465}