{"stats":{"minecraft:picked_up":{"minecraft:birch_log":1,"minecraft:feather":1,"minecraft:lilac":2,"minecraft:chicken":1,"minecraft:wheat_seeds":2,"minecraft:dandelion":1,"minecraft:porkchop":3,"minecraft:oak_log":4,"minecraft:player_head":3,"minecraft:mutton":2,"minecraft:white_wool":2},"minecraft:mined":{"minecraft:oak_log":4,"minecraft:grass":5,"minecraft:dandelion":1,"minecraft:player_head":1},"minecraft:dropped":{"minecraft:wheat_seeds":1,"minecraft:lilac":2},"minecraft:used":{"minecraft:birch_log":1},"minecraft:custom":{"minecraft:time_since_rest":714,"minecraft:crouch_one_cm":2697,"minecraft:deaths":4,"minecraft:play_time":18580,"minecraft:sprint_one_cm":50289,"minecraft:damage_taken":2140,"minecraft:walk_one_cm":43200,"minecraft:sneak_time":1344,"minecraft:walk_under_water_one_cm":82,"minecraft:mob_kills":3,"minecraft:drop":3,"minecraft:jump":630,"minecraft:damage_dealt":340,"minecraft:leave_game":3,"minecraft:walk_on_water_one_cm":106,"minecraft:time_since_death":610,"minecraft:total_world_time":18580,"minecraft:swim_one_cm":16,"minecraft:fall_one_cm":34158,"minecraft:fly_one_cm":228840},"minecraft:killed":{"minecraft:sheep":1,"minecraft:pig":1,"minecraft:chicken":1},"minecraft:killed_by":{"minecraft:creeper":1}},"DataVersion":3465}