{"stats":{"minecraft:mined":{"minecraft:grass":4,"minecraft:potatoes":9,"minecraft:oak_log":4,"minecraft:carrots":18,"minecraft:tall_grass":1,"minecraft:wheat":23,"minecraft:birch_leaves":1,"minecraft:oak_leaves":2},"minecraft:used":{"minecraft:carrot":5},"minecraft:picked_up":{"minecraft:wheat":2,"minecraft:wheat_seeds":28,"minecraft:potato":9,"minecraft:oak_log":4,"minecraft:carrot":15},"minecraft:custom":{"minecraft:time_since_rest":6000,"minecraft:play_time":6000,"minecraft:crouch_one_cm":189,"minecraft:sprint_one_cm":24726,"minecraft:damage_taken":190,"minecraft:walk_one_cm":15798,"minecraft:sneak_time":159,"minecraft:walk_under_water_one_cm":488,"minecraft:jump":263,"minecraft:time_since_death":6000,"minecraft:walk_on_water_one_cm":1176,"minecraft:total_world_time":6000,"minecraft:swim_one_cm":2788,"minecraft:fall_one_cm":8921,"minecraft:fly_one_cm":33069}},"DataVersion":3465}