{"stats":{"minecraft:picked_up":{"minecraft:birch_log":8,"minecraft:feather":1,"minecraft:lilac":2,"minecraft:chicken":1,"minecraft:leather":1,"minecraft:dandelion":1,"minecraft:porkchop":3,"minecraft:oak_log":4,"minecraft:dirt":1,"minecraft:golden_hoe":1,"minecraft:wheat_seeds":2,"minecraft:beef":3,"minecraft:player_head":3,"minecraft:mutton":2,"minecraft:white_wool":2},"minecraft:mined":{"minecraft:birch_log":7,"minecraft:birch_leaves":2,"minecraft:dandelion":1,"minecraft:grass":7,"minecraft:oak_log":4,"minecraft:player_head":1},"minecraft:dropped":{"minecraft:wheat_seeds":1,"minecraft:lilac":2},"minecraft:used":{"minecraft:birch_log":1},"minecraft:custom":{"minecraft:time_since_rest":6599,"minecraft:damage_taken":2403,"minecraft:sprint_one_cm":59821,"minecraft:walk_one_cm":55137,"minecraft:mob_kills":4,"minecraft:drop":3,"minecraft:damage_dealt":498,"minecraft:swim_one_cm":16,"minecraft:fly_one_cm":369509,"minecraft:crouch_one_cm":2999,"minecraft:play_time":30580,"minecraft:deaths":7,"minecraft:sneak_time":1826,"minecraft:walk_under_water_one_cm":82,"minecraft:jump":736,"minecraft:damage_dealt_resisted":88,"minecraft:leave_game":3,"minecraft:time_since_death":6570,"minecraft:walk_on_water_one_cm":332,"minecraft:total_world_time":30580,"minecraft:fall_one_cm":38214},"minecraft:killed":{"minecraft:sheep":1,"minecraft:pig":1,"minecraft:chicken":1,"minecraft:cow":1},"minecraft:killed_by":{"minecraft:player":1,"minecraft:creeper":1}},"DataVersion":3465}