{"stats":{"minecraft:crafted":{"minecraft:oak_planks":48,"minecraft:crafting_table":1,"minecraft:stick":16,"minecraft:wooden_pickaxe":1,"minecraft:stone_pickaxe":1,"minecraft:wooden_axe":1,"minecraft:stone_sword":1,"minecraft:stone_axe":1},"minecraft:mined":{"minecraft:iron_ore":3,"minecraft:yellow_bed":1,"minecraft:crafting_table":2,"minecraft:grass":4,"minecraft:oak_log":16,"minecraft:coal_ore":17,"minecraft:gravel":1,"minecraft:stone":14,"minecraft:oak_leaves":7},"minecraft:used":{"minecraft:wooden_axe":28,"minecraft:stone_sword":8,"minecraft:stone_pickaxe":12,"minecraft:wooden_pickaxe":23,"minecraft:stone_axe":1,"minecraft:mutton":7,"minecraft:crafting_table":2,"minecraft:porkchop":2},"minecraft:picked_up":{"minecraft:raw_iron":3,"minecraft:crafting_table":2,"minecraft:leather":5,"minecraft:gravel":1,"minecraft:porkchop":18,"minecraft:oak_log":16,"minecraft:yellow_bed":1,"minecraft:rotten_flesh":3,"minecraft:wheat_seeds":3,"minecraft:beef":11,"minecraft:black_wool":1,"minecraft:mutton":7,"minecraft:coal":17,"minecraft:white_wool":3,"minecraft:cobblestone":12},"minecraft:killed":{"minecraft:sheep":4,"minecraft:zombie":2,"minecraft:pig":8,"minecraft:cow":4},"minecraft:custom":{"minecraft:time_since_rest":12000,"minecraft:sprint_one_cm":41756,"minecraft:damage_taken":50,"minecraft:walk_one_cm":32047,"minecraft:mob_kills":18,"minecraft:damage_dealt":1719,"minecraft:interact_with_crafting_table":4,"minecraft:swim_one_cm":1703,"minecraft:fly_one_cm":112094,"minecraft:crouch_one_cm":409,"minecraft:play_time":12000,"minecraft:sneak_time":75,"minecraft:walk_under_water_one_cm":216,"minecraft:jump":449,"minecraft:walk_on_water_one_cm":486,"minecraft:time_since_death":12000,"minecraft:total_world_time":12000,"minecraft:fall_one_cm":15351}},"DataVersion":3465}