{"stats":{"minecraft:killed":{"minecraft:sheep":1},"minecraft:picked_up":{"minecraft:mutton":1,"minecraft:white_wool":1},"minecraft:used":{"minecraft:mutton":1},"minecraft:custom":{"minecraft:jump":112,"minecraft:time_since_rest":6000,"minecraft:damage_dealt":10,"minecraft:crouch_one_cm":1877,"minecraft:sprint_one_cm":15559,"minecraft:play_time":6000,"minecraft:damage_taken":80,"minecraft:time_since_death":6000,"minecraft:walk_one_cm":23450,"minecraft:sneak_time":504,"minecraft:total_world_time":6000,"minecraft:mob_kills":1,"minecraft:fall_one_cm":4506,"minecraft:fly_one_cm":19886}},"DataVersion":3465}