{"stats":{"minecraft:picked_up":{"minecraft:birch_log":6,"minecraft:leather_chestplate":1,"minecraft:leather_boots":1,"minecraft:leather_leggings":1,"minecraft:wheat_seeds":2,"minecraft:netherite_sword":1,"minecraft:player_head":4,"minecraft:mutton":1,"minecraft:white_wool":1,"minecraft:leather_helmet":1},"minecraft:mined":{"minecraft:grass":3,"minecraft:birch_log":6,"minecraft:player_wall_head":2,"minecraft:lilac":2,"minecraft:birch_leaves":1,"minecraft:player_head":2},"minecraft:dropped":{"minecraft:wheat_seeds":1},"minecraft:used":{"minecraft:netherite_sword":3,"minecraft:leather_leggings":1,"minecraft:mutton":1,"minecraft:leather_helmet":1,"minecraft:leather_chestplate":1,"minecraft:leather_boots":1,"minecraft:player_head":2},"minecraft:custom":{"minecraft:time_since_rest":9676,"minecraft:play_time":22755,"minecraft:crouch_one_cm":3016,"minecraft:sprint_one_cm":41421,"minecraft:damage_taken":320,"minecraft:walk_one_cm":84067,"minecraft:deaths":1,"minecraft:sneak_time":1414,"minecraft:mob_kills":1,"minecraft:drop":1,"minecraft:jump":476,"minecraft:damage_dealt":272,"minecraft:leave_game":2,"minecraft:time_since_death":9548,"minecraft:total_world_time":22755,"minecraft:fall_one_cm":12198,"minecraft:fly_one_cm":229072},"minecraft:killed":{"minecraft:sheep":1},"minecraft:killed_by":{"minecraft:witch":1}},"DataVersion":3465}