{"stats":{"minecraft:picked_up":{"minecraft:birch_log":8,"minecraft:netherite_boots":1,"minecraft:stick":11,"minecraft:crafting_table":3,"minecraft:leather_chestplate":1,"minecraft:leather_leggings":1,"minecraft:wooden_pickaxe":2,"minecraft:birch_planks":52,"minecraft:netherite_leggings":1,"minecraft:leather_helmet":1,"minecraft:wooden_sword":1,"minecraft:leather_boots":1,"minecraft:netherite_helmet":1,"minecraft:wheat_seeds":2,"minecraft:netherite_sword":2,"minecraft:golden_apple":64,"minecraft:player_head":4,"minecraft:totem_of_undying":11,"minecraft:netherite_chestplate":1,"minecraft:chest":1,"minecraft:birch_sapling":3,"minecraft:mutton":3,"minecraft:white_wool":2,"minecraft:egg":1},"minecraft:mined":{"minecraft:player_wall_head":2,"minecraft:birch_log":6,"minecraft:fire":19,"minecraft:lilac":2,"minecraft:birch_leaves":1,"minecraft:crafting_table":2,"minecraft:grass":3,"minecraft:chest":1,"minecraft:player_head":2},"minecraft:crafted":{"minecraft:wooden_sword":1,"minecraft:crafting_table":1,"minecraft:stick":8,"minecraft:wooden_pickaxe":1,"minecraft:birch_planks":24},"minecraft:dropped":{"minecraft:wheat_seeds":1,"minecraft:totem_of_undying":1},"minecraft:used":{"minecraft:netherite_sword":10,"minecraft:leather_leggings":1,"minecraft:birch_sapling":1,"minecraft:leather_helmet":1,"minecraft:leather_chestplate":1,"minecraft:leather_boots":1,"minecraft:player_head":2,"minecraft:golden_apple":4,"minecraft:mutton":1,"minecraft:crafting_table":3,"minecraft:egg":1},"minecraft:custom":{"minecraft:time_since_rest":2183,"minecraft:damage_absorbed":79,"minecraft:sprint_one_cm":61285,"minecraft:walk_one_cm":115989,"minecraft:damage_taken":780,"minecraft:mob_kills":2,"minecraft:drop":2,"minecraft:damage_dealt":732,"minecraft:damage_dealt_absorbed":34,"minecraft:player_kills":2,"minecraft:interact_with_crafting_table":2,"minecraft:fly_one_cm":381419,"minecraft:open_chest":9,"minecraft:crouch_one_cm":3832,"minecraft:play_time":34755,"minecraft:deaths":5,"minecraft:sneak_time":2550,"minecraft:damage_dealt_resisted":32,"minecraft:jump":639,"minecraft:walk_on_water_one_cm":273,"minecraft:leave_game":2,"minecraft:time_since_death":2151,"minecraft:total_world_time":34755,"minecraft:fall_one_cm":16992},"minecraft:killed":{"minecraft:sheep":2},"minecraft:killed_by":{"minecraft:player":2,"minecraft:witch":1}},"DataVersion":3465}