{"stats":{"minecraft:crafted":{"minecraft:oak_planks":28,"minecraft:crafting_table":2,"minecraft:birch_boat":1,"minecraft:wooden_pickaxe":1,"minecraft:iron_helmet":1,"minecraft:furnace":1,"minecraft:bucket":1,"minecraft:birch_planks":12,"minecraft:bread":64,"minecraft:air":0,"minecraft:iron_boots":1,"minecraft:wooden_hoe":1,"minecraft:iron_chestplate":1,"minecraft:shield":1,"minecraft:iron_axe":1,"minecraft:stick":32,"minecraft:iron_ingot":15,"minecraft:iron_pickaxe":1,"minecraft:stone_pickaxe":1,"minecraft:wooden_axe":1,"minecraft:torch":8,"minecraft:wheat":192},"minecraft:mined":{"minecraft:tuff":11,"minecraft:crafting_table":9,"minecraft:torch":2,"minecraft:granite":14,"minecraft:blast_furnace":1,"minecraft:grass_block":4,"minecraft:tall_grass":3,"minecraft:copper_ore":2,"minecraft:deepslate_gold_ore":6,"minecraft:sugar_cane":10,"minecraft:oak_planks":11,"minecraft:diorite":34,"minecraft:hay_block":52,"minecraft:magma_block":1,"minecraft:raw_iron_block":1,"minecraft:furnace":5,"minecraft:birch_log":61,"minecraft:iron_ore":40,"minecraft:gold_block":2,"minecraft:white_carpet":2,"minecraft:birch_leaves":1,"minecraft:andesite":4,"minecraft:light_gray_wool":1,"minecraft:yellow_bed":4,"minecraft:grass":7,"minecraft:oak_log":8,"minecraft:coal_ore":13,"minecraft:deepslate_iron_ore":14,"minecraft:rail":3,"minecraft:iron_bars":1,"minecraft:gravel":8,"minecraft:dirt":20,"minecraft:stone":120,"minecraft:gold_ore":5,"minecraft:oak_leaves":11,"minecraft:deepslate":99},"minecraft:used":{"minecraft:water_bucket":3,"minecraft:diorite":27,"minecraft:flint_and_steel":1,"minecraft:stone_pickaxe":118,"minecraft:birch_boat":4,"minecraft:wooden_pickaxe":3,"minecraft:shield":46,"minecraft:iron_chestplate":1,"minecraft:torch":11,"minecraft:dirt":8,"minecraft:crafting_table":10,"minecraft:snowball":5,"minecraft:obsidian":2,"minecraft:wooden_axe":17,"minecraft:wooden_hoe":63,"minecraft:iron_axe":92,"minecraft:bread":29,"minecraft:iron_pickaxe":291,"minecraft:iron_boots":1,"minecraft:fire_charge":1,"minecraft:cobblestone":51,"minecraft:hay_block":1,"minecraft:furnace":5,"minecraft:bucket":4,"minecraft:yellow_bed":2,"minecraft:cobbled_deepslate":44},"minecraft:picked_up":{"minecraft:wooden_axe":1,"minecraft:birch_log":58,"minecraft:magma_block":1,"minecraft:crafting_table":9,"minecraft:wheat":6,"minecraft:wooden_pickaxe":1,"minecraft:gold_block":2,"minecraft:tuff":7,"minecraft:oak_log":7,"minecraft:yellow_bed":5,"minecraft:dirt":8,"minecraft:raw_copper":12,"minecraft:bone":3,"minecraft:wheat_seeds":1,"minecraft:cobbled_deepslate":66,"minecraft:raw_gold":11,"minecraft:iron_ingot":2,"minecraft:stone_pickaxe":1,"minecraft:sugar_cane":29,"minecraft:oak_planks":11,"minecraft:furnace":5,"minecraft:raw_iron":108,"minecraft:birch_boat":5,"minecraft:gravel":8,"minecraft:torch":2,"minecraft:blast_furnace":1,"minecraft:diorite":27,"minecraft:spider_eye":1,"minecraft:arrow":4,"minecraft:rotten_flesh":4,"minecraft:hay_block":51,"minecraft:granite":5,"minecraft:oak_sapling":1,"minecraft:coal":56,"minecraft:cobblestone":98},"minecraft:broken":{"minecraft:iron_pickaxe":1,"minecraft:wooden_hoe":1},"minecraft:killed":{"minecraft:cave_spider":1,"minecraft:spider":1,"minecraft:creeper":1,"minecraft:skeleton":2,"minecraft:zombie":5},"minecraft:custom":{"minecraft:interact_with_furnace":15,"minecraft:mob_kills":10,"minecraft:interact_with_crafting_table":19,"minecraft:leave_game":2,"minecraft:time_since_death":68155,"minecraft:sleep_in_bed":2,"minecraft:climb_one_cm":3291,"minecraft:time_since_rest":3255,"minecraft:sprint_one_cm":233400,"minecraft:damage_taken":1078,"minecraft:walk_one_cm":108232,"minecraft:damage_blocked_by_shield":2775,"minecraft:drop":26,"minecraft:damage_dealt":1771,"minecraft:swim_one_cm":24799,"minecraft:fly_one_cm":326066,"minecraft:open_chest":11,"minecraft:crouch_one_cm":23478,"minecraft:play_time":68155,"minecraft:sneak_time":8133,"minecraft:walk_under_water_one_cm":2375,"minecraft:boat_one_cm":39690,"minecraft:interact_with_brewingstand":2,"minecraft:jump":1557,"minecraft:walk_on_water_one_cm":3403,"minecraft:total_world_time":68155,"minecraft:fall_one_cm":40056},"minecraft:dropped":{"minecraft:gravel":8,"minecraft:wheat_seeds":1,"minecraft:golden_pickaxe":1,"minecraft:raw_copper":12,"minecraft:tuff":7,"minecraft:wheat":6,"minecraft:cobblestone":16,"minecraft:rotten_flesh":2,"minecraft:oak_planks":1,"minecraft:granite":5,"minecraft:wooden_axe":2,"minecraft:yellow_bed":2,"minecraft:golden_leggings":1,"minecraft:oak_sapling":1,"minecraft:spider_eye":1,"minecraft:birch_boat":1,"minecraft:stone_pickaxe":2,"minecraft:wooden_pickaxe":2,"minecraft:bone":3}},"DataVersion":3465}