{"stats":{"minecraft:crafted":{"minecraft:oak_planks":28,"minecraft:crafting_table":2,"minecraft:wooden_pickaxe":1,"minecraft:furnace":1,"minecraft:air":0,"minecraft:wooden_hoe":1,"minecraft:iron_chestplate":1,"minecraft:shield":1,"minecraft:iron_axe":1,"minecraft:stick":32,"minecraft:iron_ingot":9,"minecraft:iron_pickaxe":1,"minecraft:stone_pickaxe":1,"minecraft:wooden_axe":1,"minecraft:torch":8},"minecraft:mined":{"minecraft:crafting_table":5,"minecraft:torch":1,"minecraft:granite":2,"minecraft:grass_block":1,"minecraft:tall_grass":3,"minecraft:copper_ore":2,"minecraft:sugar_cane":2,"minecraft:oak_planks":11,"minecraft:diorite":30,"minecraft:hay_block":51,"minecraft:furnace":3,"minecraft:birch_log":6,"minecraft:iron_ore":10,"minecraft:yellow_bed":2,"minecraft:grass":2,"minecraft:oak_log":8,"minecraft:coal_ore":13,"minecraft:dirt":8,"minecraft:stone":64,"minecraft:oak_leaves":8},"minecraft:used":{"minecraft:stone_pickaxe":118,"minecraft:wooden_pickaxe":3,"minecraft:shield":10,"minecraft:iron_chestplate":1,"minecraft:torch":2,"minecraft:dirt":8,"minecraft:crafting_table":6,"minecraft:wooden_axe":17,"minecraft:wooden_hoe":63,"minecraft:iron_axe":3,"minecraft:bread":3,"minecraft:iron_pickaxe":13,"minecraft:cobblestone":16,"minecraft:furnace":3},"minecraft:picked_up":{"minecraft:wooden_axe":1,"minecraft:birch_log":6,"minecraft:crafting_table":5,"minecraft:wooden_pickaxe":1,"minecraft:oak_log":7,"minecraft:yellow_bed":2,"minecraft:dirt":8,"minecraft:raw_copper":6,"minecraft:sugar_cane":7,"minecraft:oak_planks":11,"minecraft:furnace":3,"minecraft:raw_iron":10,"minecraft:torch":1,"minecraft:diorite":23,"minecraft:spider_eye":1,"minecraft:arrow":2,"minecraft:hay_block":50,"minecraft:granite":2,"minecraft:oak_sapling":1,"minecraft:coal":21,"minecraft:cobblestone":52},"minecraft:broken":{"minecraft:wooden_hoe":1},"minecraft:dropped":{"minecraft:oak_planks":1,"minecraft:wooden_axe":2,"minecraft:oak_sapling":1,"minecraft:wooden_pickaxe":2},"minecraft:killed":{"minecraft:cave_spider":1},"minecraft:custom":{"minecraft:interact_with_furnace":9,"minecraft:mob_kills":1,"minecraft:interact_with_crafting_table":10,"minecraft:leave_game":2,"minecraft:time_since_death":20155,"minecraft:time_since_rest":20155,"minecraft:sprint_one_cm":60914,"minecraft:damage_taken":170,"minecraft:walk_one_cm":38376,"minecraft:damage_blocked_by_shield":510,"minecraft:drop":6,"minecraft:damage_dealt":328,"minecraft:swim_one_cm":1152,"minecraft:fly_one_cm":44367,"minecraft:open_chest":4,"minecraft:crouch_one_cm":12233,"minecraft:play_time":20155,"minecraft:sneak_time":4528,"minecraft:walk_under_water_one_cm":133,"minecraft:jump":222,"minecraft:walk_on_water_one_cm":259,"minecraft:total_world_time":20155,"minecraft:fall_one_cm":6706}},"DataVersion":3465}