{"stats":{"minecraft:crafted":{"minecraft:oak_planks":28,"minecraft:wooden_hoe":1,"minecraft:crafting_table":2,"minecraft:stick":8,"minecraft:wooden_pickaxe":1,"minecraft:stone_pickaxe":1,"minecraft:wooden_axe":1},"minecraft:mined":{"minecraft:hay_block":51,"minecraft:iron_ore":2,"minecraft:birch_log":6,"minecraft:yellow_bed":2,"minecraft:crafting_table":2,"minecraft:torch":1,"minecraft:grass":2,"minecraft:oak_log":8,"minecraft:tall_grass":3,"minecraft:stone":7,"minecraft:sugar_cane":2,"minecraft:oak_leaves":8},"minecraft:used":{"minecraft:wooden_axe":2,"minecraft:wooden_hoe":63,"minecraft:stone_pickaxe":6,"minecraft:wooden_pickaxe":3,"minecraft:crafting_table":3},"minecraft:picked_up":{"minecraft:birch_log":6,"minecraft:raw_iron":2,"minecraft:crafting_table":2,"minecraft:torch":1,"minecraft:oak_log":7,"minecraft:yellow_bed":2,"minecraft:hay_block":50,"minecraft:oak_sapling":1,"minecraft:sugar_cane":7,"minecraft:cobblestone":7},"minecraft:broken":{"minecraft:wooden_hoe":1},"minecraft:custom":{"minecraft:time_since_rest":8155,"minecraft:sprint_one_cm":27866,"minecraft:damage_taken":20,"minecraft:walk_one_cm":16758,"minecraft:swim_one_cm":1152,"minecraft:interact_with_crafting_table":3,"minecraft:fly_one_cm":29977,"minecraft:open_chest":3,"minecraft:crouch_one_cm":456,"minecraft:play_time":8155,"minecraft:sneak_time":106,"minecraft:walk_under_water_one_cm":133,"minecraft:jump":143,"minecraft:leave_game":2,"minecraft:walk_on_water_one_cm":259,"minecraft:time_since_death":8155,"minecraft:total_world_time":8155,"minecraft:fall_one_cm":4991}},"DataVersion":3465}