{"stats":{"minecraft:crafted":{"minecraft:oak_planks":28,"minecraft:crafting_table":2,"minecraft:wooden_pickaxe":1,"minecraft:iron_helmet":1,"minecraft:furnace":1,"minecraft:bucket":1,"minecraft:birch_planks":12,"minecraft:bread":64,"minecraft:air":0,"minecraft:iron_boots":1,"minecraft:wooden_hoe":1,"minecraft:iron_chestplate":1,"minecraft:shield":1,"minecraft:iron_axe":1,"minecraft:stick":32,"minecraft:iron_ingot":15,"minecraft:iron_pickaxe":1,"minecraft:stone_pickaxe":1,"minecraft:wooden_axe":1,"minecraft:torch":8,"minecraft:wheat":192},"minecraft:mined":{"minecraft:tuff":11,"minecraft:crafting_table":8,"minecraft:torch":2,"minecraft:granite":14,"minecraft:blast_furnace":1,"minecraft:grass_block":4,"minecraft:tall_grass":3,"minecraft:copper_ore":2,"minecraft:deepslate_gold_ore":6,"minecraft:sugar_cane":10,"minecraft:oak_planks":11,"minecraft:diorite":34,"minecraft:hay_block":52,"minecraft:magma_block":1,"minecraft:raw_iron_block":1,"minecraft:furnace":5,"minecraft:birch_log":61,"minecraft:iron_ore":40,"minecraft:birch_leaves":1,"minecraft:andesite":4,"minecraft:light_gray_wool":1,"minecraft:yellow_bed":3,"minecraft:grass":7,"minecraft:oak_log":8,"minecraft:coal_ore":13,"minecraft:deepslate_iron_ore":14,"minecraft:rail":3,"minecraft:gravel":8,"minecraft:dirt":20,"minecraft:stone":120,"minecraft:gold_ore":5,"minecraft:oak_leaves":9,"minecraft:deepslate":99},"minecraft:used":{"minecraft:water_bucket":2,"minecraft:diorite":27,"minecraft:stone_pickaxe":118,"minecraft:wooden_pickaxe":3,"minecraft:shield":46,"minecraft:iron_chestplate":1,"minecraft:torch":11,"minecraft:dirt":8,"minecraft:crafting_table":10,"minecraft:snowball":5,"minecraft:wooden_axe":17,"minecraft:wooden_hoe":63,"minecraft:iron_axe":90,"minecraft:bread":25,"minecraft:iron_pickaxe":288,"minecraft:iron_boots":1,"minecraft:cobblestone":51,"minecraft:hay_block":1,"minecraft:furnace":5,"minecraft:bucket":3,"minecraft:yellow_bed":1,"minecraft:cobbled_deepslate":3},"minecraft:picked_up":{"minecraft:wooden_axe":1,"minecraft:birch_log":58,"minecraft:magma_block":1,"minecraft:crafting_table":8,"minecraft:wheat":6,"minecraft:wooden_pickaxe":1,"minecraft:tuff":7,"minecraft:oak_log":7,"minecraft:yellow_bed":4,"minecraft:dirt":8,"minecraft:raw_copper":12,"minecraft:bone":3,"minecraft:wheat_seeds":1,"minecraft:cobbled_deepslate":66,"minecraft:raw_gold":11,"minecraft:iron_ingot":2,"minecraft:stone_pickaxe":1,"minecraft:sugar_cane":29,"minecraft:oak_planks":11,"minecraft:furnace":5,"minecraft:raw_iron":108,"minecraft:gravel":8,"minecraft:torch":2,"minecraft:blast_furnace":1,"minecraft:diorite":27,"minecraft:spider_eye":1,"minecraft:arrow":4,"minecraft:rotten_flesh":4,"minecraft:hay_block":51,"minecraft:granite":5,"minecraft:oak_sapling":1,"minecraft:coal":56,"minecraft:cobblestone":98},"minecraft:broken":{"minecraft:iron_pickaxe":1,"minecraft:wooden_hoe":1},"minecraft:killed":{"minecraft:cave_spider":1,"minecraft:spider":1,"minecraft:creeper":1,"minecraft:skeleton":2,"minecraft:zombie":5},"minecraft:custom":{"minecraft:interact_with_furnace":15,"minecraft:mob_kills":10,"minecraft:interact_with_crafting_table":19,"minecraft:leave_game":2,"minecraft:time_since_death":56155,"minecraft:sleep_in_bed":1,"minecraft:time_since_rest":4640,"minecraft:sprint_one_cm":193402,"minecraft:damage_taken":1016,"minecraft:walk_one_cm":95637,"minecraft:damage_blocked_by_shield":2775,"minecraft:drop":24,"minecraft:damage_dealt":1771,"minecraft:swim_one_cm":24799,"minecraft:fly_one_cm":248219,"minecraft:open_chest":8,"minecraft:crouch_one_cm":22723,"minecraft:play_time":56155,"minecraft:sneak_time":7992,"minecraft:walk_under_water_one_cm":2375,"minecraft:jump":1196,"minecraft:walk_on_water_one_cm":3100,"minecraft:total_world_time":56155,"minecraft:fall_one_cm":28891},"minecraft:dropped":{"minecraft:gravel":8,"minecraft:wheat_seeds":1,"minecraft:golden_pickaxe":1,"minecraft:raw_copper":12,"minecraft:tuff":7,"minecraft:wheat":6,"minecraft:cobblestone":16,"minecraft:rotten_flesh":2,"minecraft:oak_planks":1,"minecraft:granite":5,"minecraft:wooden_axe":2,"minecraft:yellow_bed":1,"minecraft:golden_leggings":1,"minecraft:oak_sapling":1,"minecraft:spider_eye":1,"minecraft:stone_pickaxe":2,"minecraft:wooden_pickaxe":2,"minecraft:bone":3}},"DataVersion":3465}