{"stats":{"minecraft:picked_up":{"minecraft:birch_log":10},"minecraft:crafted":{"minecraft:birch_planks":24,"minecraft:crafting_table":1,"minecraft:stick":4,"minecraft:wooden_pickaxe":1,"minecraft:wooden_axe":1},"minecraft:mined":{"minecraft:birch_log":11,"minecraft:grass":3,"minecraft:crafting_table":1},"minecraft:used":{"minecraft:wooden_axe":5,"minecraft:crafting_table":1},"minecraft:custom":{"minecraft:jump":126,"minecraft:time_since_rest":6000,"minecraft:crouch_one_cm":7324,"minecraft:sprint_one_cm":23115,"minecraft:play_time":6000,"minecraft:damage_taken":40,"minecraft:time_since_death":6000,"minecraft:walk_one_cm":11931,"minecraft:sneak_time":1723,"minecraft:total_world_time":6000,"minecraft:interact_with_crafting_table":2,"minecraft:fall_one_cm":2407,"minecraft:fly_one_cm":21440}},"DataVersion":3465}