{"stats":{"minecraft:picked_up":{"minecraft:birch_log":11,"minecraft:netherite_boots":1,"minecraft:stick":5,"minecraft:wooden_pickaxe":1,"minecraft:birch_planks":23,"minecraft:porkchop":2,"minecraft:golden_boots":1,"minecraft:netherite_leggings":1,"minecraft:dirt":2,"minecraft:wooden_sword":1,"minecraft:netherite_helmet":1,"minecraft:netherite_sword":1,"minecraft:golden_apple":64,"minecraft:totem_of_undying":10,"minecraft:netherite_chestplate":1,"minecraft:chest":3,"minecraft:birch_sapling":3},"minecraft:crafted":{"minecraft:crafting_table":1,"minecraft:stick":4,"minecraft:wooden_pickaxe":1,"minecraft:wooden_axe":1,"minecraft:birch_planks":24},"minecraft:mined":{"minecraft:birch_log":11,"minecraft:crafting_table":1,"minecraft:grass":5,"minecraft:grass_block":2,"minecraft:chest":1},"minecraft:dropped":{"minecraft:chest":2,"minecraft:golden_hoe":1},"minecraft:custom":{"minecraft:time_since_rest":252,"minecraft:sprint_one_cm":49380,"minecraft:damage_taken":621,"minecraft:walk_one_cm":39358,"minecraft:mob_kills":1,"minecraft:drop":2,"minecraft:damage_dealt":452,"minecraft:player_kills":2,"minecraft:interact_with_crafting_table":2,"minecraft:fly_one_cm":258970,"minecraft:open_chest":2,"minecraft:crouch_one_cm":8283,"minecraft:play_time":17956,"minecraft:deaths":4,"minecraft:sneak_time":3227,"minecraft:walk_under_water_one_cm":2976,"minecraft:jump":295,"minecraft:time_since_death":232,"minecraft:walk_on_water_one_cm":1140,"minecraft:total_world_time":17956,"minecraft:fall_one_cm":10654},"minecraft:used":{"minecraft:golden_boots":1,"minecraft:wooden_axe":5,"minecraft:flint_and_steel":59,"minecraft:netherite_chestplate":1,"minecraft:netherite_boots":1,"minecraft:golden_hoe":1,"minecraft:netherite_leggings":1,"minecraft:crafting_table":1,"minecraft:golden_shovel":8,"minecraft:obsidian":3},"minecraft:killed":{"minecraft:pig":1},"minecraft:killed_by":{"minecraft:player":2}},"DataVersion":3465}