{"stats":{"minecraft:crafted":{"minecraft:oak_planks":32,"minecraft:wooden_pickaxe":1},"minecraft:mined":{"minecraft:grass_block":1,"minecraft:oak_log":8,"minecraft:glass_pane":1,"minecraft:dirt":2,"minecraft:andesite":1,"minecraft:stone":8,"minecraft:sugar_cane":1,"minecraft:oak_leaves":6,"minecraft:yellow_bed":1,"minecraft:crafting_table":2},"minecraft:used":{"minecraft:crafting_table":1,"minecraft:wooden_pickaxe":9},"minecraft:picked_up":{"minecraft:stick":4,"minecraft:crafting_table":2,"minecraft:apple":2,"minecraft:oak_log":8,"minecraft:ink_sac":1,"minecraft:yellow_bed":1,"minecraft:dirt":3,"minecraft:oak_sapling":1,"minecraft:sugar_cane":4,"minecraft:mutton":2,"minecraft:white_wool":1,"minecraft:cobblestone":8},"minecraft:dropped":{"minecraft:apple":1,"minecraft:ink_sac":1,"minecraft:oak_sapling":1},"minecraft:killed":{"minecraft:sheep":1},"minecraft:custom":{"minecraft:time_since_rest":6000,"minecraft:open_chest":7,"minecraft:crouch_one_cm":2281,"minecraft:play_time":6000,"minecraft:sprint_one_cm":24386,"minecraft:walk_one_cm":12904,"minecraft:sneak_time":1181,"minecraft:mob_kills":1,"minecraft:drop":3,"minecraft:jump":137,"minecraft:damage_dealt":80,"minecraft:time_since_death":6000,"minecraft:walk_on_water_one_cm":702,"minecraft:interact_with_crafting_table":1,"minecraft:total_world_time":6000,"minecraft:climb_one_cm":240,"minecraft:fall_one_cm":4416,"minecraft:fly_one_cm":36190}},"DataVersion":3465}