{"stats":{"minecraft:killed_by":{"minecraft:skeleton":1},"minecraft:crafted":{"minecraft:oak_planks":32,"minecraft:wooden_pickaxe":1,"minecraft:furnace":1,"minecraft:stone_axe":1,"minecraft:cooked_mutton":1,"minecraft:air":0,"minecraft:iron_chestplate":1,"minecraft:stick":8,"minecraft:iron_ingot":14,"minecraft:iron_pickaxe":1,"minecraft:stone_pickaxe":2},"minecraft:mined":{"minecraft:tuff":12,"minecraft:glass_pane":1,"minecraft:amethyst_cluster":1,"minecraft:crafting_table":4,"minecraft:granite":2,"minecraft:calcite":2,"minecraft:grass_block":2,"minecraft:cobblestone":8,"minecraft:sugar_cane":1,"minecraft:diorite":1,"minecraft:amethyst_block":4,"minecraft:furnace":3,"minecraft:iron_ore":34,"minecraft:andesite":16,"minecraft:deepslate_lapis_ore":13,"minecraft:yellow_bed":3,"minecraft:grass":1,"minecraft:oak_log":8,"minecraft:deepslate_iron_ore":8,"minecraft:dirt":4,"minecraft:stone":91,"minecraft:gold_ore":2,"minecraft:oak_leaves":6,"minecraft:deepslate":49},"minecraft:used":{"minecraft:calcite":2,"minecraft:cooked_mutton":1,"minecraft:diorite":1,"minecraft:amethyst_block":4,"minecraft:stone_pickaxe":151,"minecraft:wooden_pickaxe":45,"minecraft:rotten_flesh":3,"minecraft:iron_chestplate":1,"minecraft:dirt":6,"minecraft:crafting_table":3,"minecraft:tuff":12,"minecraft:granite":1,"minecraft:apple":4,"minecraft:bread":5,"minecraft:iron_pickaxe":52,"minecraft:stone_axe":29,"minecraft:cobblestone":45,"minecraft:furnace":4,"minecraft:andesite":16,"minecraft:yellow_bed":2,"minecraft:cobbled_deepslate":46},"minecraft:picked_up":{"minecraft:crafting_table":5,"minecraft:feather":3,"minecraft:chicken":2,"minecraft:andesite":17,"minecraft:wooden_pickaxe":1,"minecraft:tuff":12,"minecraft:oak_log":8,"minecraft:yellow_bed":4,"minecraft:amethyst_block":4,"minecraft:lapis_lazuli":137,"minecraft:dirt":6,"minecraft:string":4,"minecraft:cooked_mutton":1,"minecraft:apple":2,"minecraft:cobbled_deepslate":56,"minecraft:raw_gold":2,"minecraft:stone_pickaxe":1,"minecraft:calcite":2,"minecraft:sugar_cane":8,"minecraft:oak_planks":25,"minecraft:furnace":4,"minecraft:stick":10,"minecraft:raw_iron":108,"minecraft:amethyst_shard":4,"minecraft:ink_sac":1,"minecraft:diorite":1,"minecraft:iron_horse_armor":1,"minecraft:arrow":1,"minecraft:rotten_flesh":16,"minecraft:stone_axe":1,"minecraft:granite":3,"minecraft:golden_apple":1,"minecraft:saddle":1,"minecraft:bread":1,"minecraft:oak_sapling":1,"minecraft:mutton":4,"minecraft:white_wool":2,"minecraft:cobblestone":99},"minecraft:broken":{"minecraft:stone_pickaxe":1},"minecraft:killed":{"minecraft:spider":1,"minecraft:skeleton":1,"minecraft:sheep":1,"minecraft:zombie":8,"minecraft:chicken":2},"minecraft:custom":{"minecraft:interact_with_furnace":14,"minecraft:mob_kills":13,"minecraft:interact_with_crafting_table":8,"minecraft:leave_game":2,"minecraft:time_since_death":18150,"minecraft:sleep_in_bed":2,"minecraft:climb_one_cm":240,"minecraft:time_since_rest":2762,"minecraft:sprint_one_cm":107965,"minecraft:damage_taken":700,"minecraft:walk_one_cm":95206,"minecraft:drop":5,"minecraft:damage_dealt":2301,"minecraft:swim_one_cm":5109,"minecraft:fly_one_cm":181779,"minecraft:open_chest":10,"minecraft:crouch_one_cm":23916,"minecraft:play_time":43767,"minecraft:deaths":1,"minecraft:sneak_time":9682,"minecraft:walk_under_water_one_cm":2696,"minecraft:jump":844,"minecraft:walk_on_water_one_cm":10723,"minecraft:total_world_time":43767,"minecraft:fall_one_cm":15106},"minecraft:dropped":{"minecraft:bread":1,"minecraft:cobblestone":1,"minecraft:apple":1,"minecraft:ink_sac":1,"minecraft:oak_sapling":1}},"DataVersion":3465}