{"stats":{"minecraft:killed_by":{"minecraft:skeleton":1},"minecraft:crafted":{"minecraft:oak_planks":32,"minecraft:wooden_pickaxe":1,"minecraft:furnace":1,"minecraft:stone_axe":1,"minecraft:stick":8,"minecraft:stone_pickaxe":1},"minecraft:mined":{"minecraft:tuff":12,"minecraft:glass_pane":1,"minecraft:amethyst_cluster":1,"minecraft:crafting_table":3,"minecraft:granite":2,"minecraft:calcite":2,"minecraft:grass_block":1,"minecraft:cobblestone":8,"minecraft:sugar_cane":1,"minecraft:amethyst_block":4,"minecraft:furnace":1,"minecraft:iron_ore":34,"minecraft:andesite":7,"minecraft:deepslate_lapis_ore":7,"minecraft:yellow_bed":2,"minecraft:oak_log":8,"minecraft:deepslate_iron_ore":8,"minecraft:dirt":2,"minecraft:stone":40,"minecraft:oak_leaves":6,"minecraft:deepslate":9},"minecraft:used":{"minecraft:stone_pickaxe":91,"minecraft:wooden_pickaxe":45,"minecraft:rotten_flesh":3,"minecraft:dirt":3,"minecraft:crafting_table":2,"minecraft:tuff":8,"minecraft:granite":1,"minecraft:apple":4,"minecraft:bread":5,"minecraft:stone_axe":25,"minecraft:cobblestone":33,"minecraft:furnace":1,"minecraft:andesite":6,"minecraft:yellow_bed":1,"minecraft:cobbled_deepslate":4},"minecraft:picked_up":{"minecraft:crafting_table":4,"minecraft:andesite":8,"minecraft:wooden_pickaxe":1,"minecraft:tuff":12,"minecraft:oak_log":8,"minecraft:yellow_bed":3,"minecraft:amethyst_block":4,"minecraft:lapis_lazuli":94,"minecraft:dirt":3,"minecraft:string":4,"minecraft:apple":2,"minecraft:cobbled_deepslate":16,"minecraft:stone_pickaxe":1,"minecraft:calcite":2,"minecraft:sugar_cane":8,"minecraft:oak_planks":25,"minecraft:furnace":2,"minecraft:stick":10,"minecraft:raw_iron":80,"minecraft:amethyst_shard":4,"minecraft:ink_sac":1,"minecraft:iron_horse_armor":1,"minecraft:arrow":1,"minecraft:rotten_flesh":16,"minecraft:stone_axe":1,"minecraft:granite":3,"minecraft:golden_apple":1,"minecraft:saddle":1,"minecraft:bread":1,"minecraft:oak_sapling":1,"minecraft:mutton":4,"minecraft:white_wool":2,"minecraft:cobblestone":48},"minecraft:killed":{"minecraft:spider":1,"minecraft:skeleton":1,"minecraft:sheep":1,"minecraft:zombie":8},"minecraft:custom":{"minecraft:interact_with_furnace":1,"minecraft:mob_kills":11,"minecraft:interact_with_crafting_table":4,"minecraft:leave_game":1,"minecraft:time_since_death":5780,"minecraft:sleep_in_bed":1,"minecraft:climb_one_cm":240,"minecraft:time_since_rest":5846,"minecraft:sprint_one_cm":85929,"minecraft:damage_taken":646,"minecraft:walk_one_cm":79035,"minecraft:drop":5,"minecraft:damage_dealt":2221,"minecraft:swim_one_cm":5109,"minecraft:fly_one_cm":126658,"minecraft:open_chest":9,"minecraft:crouch_one_cm":22007,"minecraft:play_time":31397,"minecraft:deaths":1,"minecraft:sneak_time":8398,"minecraft:walk_under_water_one_cm":2696,"minecraft:jump":507,"minecraft:walk_on_water_one_cm":10723,"minecraft:total_world_time":31397,"minecraft:fall_one_cm":9171},"minecraft:dropped":{"minecraft:bread":1,"minecraft:cobblestone":1,"minecraft:apple":1,"minecraft:ink_sac":1,"minecraft:oak_sapling":1}},"DataVersion":3465}