{"stats":{"minecraft:crafted":{"minecraft:oak_planks":32,"minecraft:stick":8,"minecraft:wooden_pickaxe":1,"minecraft:stone_pickaxe":1,"minecraft:furnace":1,"minecraft:stone_axe":1},"minecraft:mined":{"minecraft:tuff":8,"minecraft:glass_pane":1,"minecraft:furnace":1,"minecraft:iron_ore":34,"minecraft:andesite":7,"minecraft:deepslate_lapis_ore":7,"minecraft:yellow_bed":2,"minecraft:crafting_table":3,"minecraft:granite":1,"minecraft:grass_block":1,"minecraft:oak_log":8,"minecraft:deepslate_iron_ore":1,"minecraft:dirt":2,"minecraft:cobblestone":8,"minecraft:stone":40,"minecraft:sugar_cane":1,"minecraft:oak_leaves":6,"minecraft:deepslate":6},"minecraft:used":{"minecraft:apple":4,"minecraft:bread":3,"minecraft:stone_pickaxe":68,"minecraft:wooden_pickaxe":45,"minecraft:stone_axe":13,"minecraft:dirt":3,"minecraft:cobblestone":27,"minecraft:crafting_table":2,"minecraft:furnace":1,"minecraft:andesite":6,"minecraft:yellow_bed":1,"minecraft:tuff":3},"minecraft:picked_up":{"minecraft:crafting_table":3,"minecraft:stick":4,"minecraft:raw_iron":35,"minecraft:andesite":7,"minecraft:tuff":8,"minecraft:oak_log":8,"minecraft:ink_sac":1,"minecraft:yellow_bed":2,"minecraft:lapis_lazuli":47,"minecraft:dirt":3,"minecraft:rotten_flesh":4,"minecraft:apple":2,"minecraft:cobbled_deepslate":6,"minecraft:granite":1,"minecraft:bread":1,"minecraft:oak_sapling":1,"minecraft:sugar_cane":4,"minecraft:mutton":2,"minecraft:white_wool":1,"minecraft:cobblestone":47,"minecraft:furnace":1},"minecraft:killed":{"minecraft:sheep":1,"minecraft:zombie":5},"minecraft:dropped":{"minecraft:bread":1,"minecraft:ink_sac":1,"minecraft:oak_sapling":1,"minecraft:apple":1},"minecraft:custom":{"minecraft:time_since_rest":5133,"minecraft:interact_with_furnace":1,"minecraft:sprint_one_cm":52866,"minecraft:damage_taken":341,"minecraft:walk_one_cm":45647,"minecraft:mob_kills":6,"minecraft:drop":4,"minecraft:damage_dealt":1081,"minecraft:interact_with_crafting_table":4,"minecraft:swim_one_cm":3967,"minecraft:fly_one_cm":47845,"minecraft:open_chest":9,"minecraft:crouch_one_cm":14106,"minecraft:play_time":19397,"minecraft:sneak_time":5642,"minecraft:walk_under_water_one_cm":1712,"minecraft:jump":299,"minecraft:leave_game":1,"minecraft:walk_on_water_one_cm":9659,"minecraft:time_since_death":19397,"minecraft:sleep_in_bed":1,"minecraft:climb_one_cm":240,"minecraft:total_world_time":19397,"minecraft:fall_one_cm":7136}},"DataVersion":3465}