{"stats":{"minecraft:killed_by":{"minecraft:creeper":1},"minecraft:crafted":{"minecraft:cooked_beef":5,"minecraft:oak_planks":76,"minecraft:crafting_table":3,"minecraft:wooden_pickaxe":2,"minecraft:furnace":1,"minecraft:stone_axe":2,"minecraft:air":0,"minecraft:oak_boat":2,"minecraft:iron_chestplate":1,"minecraft:shield":1,"minecraft:stick":20,"minecraft:iron_ingot":13,"minecraft:iron_pickaxe":1,"minecraft:stone_pickaxe":2,"minecraft:stone_sword":2,"minecraft:torch":8,"minecraft:shears":1},"minecraft:mined":{"minecraft:crafting_table":7,"minecraft:granite":1,"minecraft:grass_block":6,"minecraft:tall_grass":4,"minecraft:oak_planks":1,"minecraft:sugar_cane":3,"minecraft:diorite":4,"minecraft:furnace":2,"minecraft:iron_ore":23,"minecraft:yellow_bed":1,"minecraft:grass":5,"minecraft:oak_log":24,"minecraft:coal_ore":25,"minecraft:dirt":13,"minecraft:cobweb":12,"minecraft:stone":37,"minecraft:oak_leaves":10},"minecraft:used":{"minecraft:stone_sword":33,"minecraft:stone_pickaxe":53,"minecraft:oak_planks":3,"minecraft:wooden_pickaxe":19,"minecraft:shield":11,"minecraft:rotten_flesh":4,"minecraft:torch":11,"minecraft:dirt":12,"minecraft:crafting_table":8,"minecraft:shears":12,"minecraft:iron_pickaxe":24,"minecraft:stone_axe":30,"minecraft:beef":11,"minecraft:furnace":2,"minecraft:oak_boat":4,"minecraft:cooked_beef":2},"minecraft:picked_up":{"minecraft:crafting_table":7,"minecraft:leather":6,"minecraft:wooden_pickaxe":1,"minecraft:oak_log":24,"minecraft:yellow_bed":1,"minecraft:dirt":19,"minecraft:string":3,"minecraft:bone":1,"minecraft:wheat_seeds":1,"minecraft:beef":16,"minecraft:cobweb":12,"minecraft:oak_boat":3,"minecraft:sugar_cane":8,"minecraft:oak_planks":3,"minecraft:furnace":2,"minecraft:stick":1,"minecraft:raw_iron":24,"minecraft:oak_fence":1,"minecraft:gravel":1,"minecraft:porkchop":8,"minecraft:diorite":4,"minecraft:rotten_flesh":6,"minecraft:hay_block":1,"minecraft:granite":1,"minecraft:oak_sapling":1,"minecraft:coal":25,"minecraft:rail":1,"minecraft:cobblestone":39},"minecraft:killed":{"minecraft:pig":4,"minecraft:spider":1,"minecraft:skeleton":3,"minecraft:zombie":2,"minecraft:drowned":1,"minecraft:cow":8},"minecraft:custom":{"minecraft:interact_with_furnace":19,"minecraft:mob_kills":19,"minecraft:interact_with_crafting_table":14,"minecraft:leave_game":1,"minecraft:time_since_death":9079,"minecraft:time_since_rest":9099,"minecraft:sprint_one_cm":129586,"minecraft:damage_taken":852,"minecraft:walk_one_cm":62168,"minecraft:damage_blocked_by_shield":720,"minecraft:drop":12,"minecraft:damage_dealt":2897,"minecraft:swim_one_cm":12797,"minecraft:fly_one_cm":199032,"minecraft:open_chest":1,"minecraft:crouch_one_cm":8892,"minecraft:play_time":41835,"minecraft:deaths":1,"minecraft:sneak_time":4408,"minecraft:walk_under_water_one_cm":5845,"minecraft:boat_one_cm":177660,"minecraft:jump":736,"minecraft:walk_on_water_one_cm":5696,"minecraft:total_world_time":41881,"minecraft:fall_one_cm":16801},"minecraft:dropped":{"minecraft:gravel":1,"minecraft:wheat_seeds":1,"minecraft:oak_fence":1,"minecraft:rotten_flesh":1,"minecraft:oak_planks":1,"minecraft:rail":1,"minecraft:diorite":4,"minecraft:oak_sapling":1,"minecraft:stone_pickaxe":1,"minecraft:wooden_pickaxe":3}},"DataVersion":3465}