{"stats":{"minecraft:crafted":{"minecraft:oak_boat":1,"minecraft:oak_planks":36,"minecraft:crafting_table":1,"minecraft:stick":8,"minecraft:wooden_pickaxe":1,"minecraft:stone_pickaxe":1,"minecraft:stone_sword":1,"minecraft:stone_axe":1},"minecraft:mined":{"minecraft:iron_ore":1,"minecraft:yellow_bed":1,"minecraft:crafting_table":2,"minecraft:grass":3,"minecraft:grass_block":3,"minecraft:oak_log":14,"minecraft:dirt":8,"minecraft:stone":9,"minecraft:sugar_cane":3,"minecraft:oak_leaves":7},"minecraft:used":{"minecraft:stone_sword":11,"minecraft:stone_pickaxe":2,"minecraft:wooden_pickaxe":8,"minecraft:stone_axe":18,"minecraft:dirt":5,"minecraft:beef":4,"minecraft:crafting_table":2,"minecraft:oak_boat":2},"minecraft:picked_up":{"minecraft:raw_iron":1,"minecraft:stick":1,"minecraft:crafting_table":2,"minecraft:leather":6,"minecraft:wooden_pickaxe":1,"minecraft:porkchop":8,"minecraft:oak_log":14,"minecraft:yellow_bed":1,"minecraft:dirt":11,"minecraft:wheat_seeds":1,"minecraft:hay_block":1,"minecraft:beef":16,"minecraft:oak_boat":2,"minecraft:oak_sapling":1,"minecraft:sugar_cane":8,"minecraft:cobblestone":9},"minecraft:dropped":{"minecraft:oak_sapling":1,"minecraft:wooden_pickaxe":2},"minecraft:killed":{"minecraft:pig":4,"minecraft:drowned":1,"minecraft:cow":8},"minecraft:custom":{"minecraft:time_since_rest":18003,"minecraft:sprint_one_cm":31427,"minecraft:damage_taken":20,"minecraft:walk_one_cm":19679,"minecraft:mob_kills":13,"minecraft:drop":3,"minecraft:damage_dealt":1399,"minecraft:swim_one_cm":6125,"minecraft:interact_with_crafting_table":5,"minecraft:fly_one_cm":45222,"minecraft:open_chest":1,"minecraft:crouch_one_cm":1573,"minecraft:play_time":18003,"minecraft:sneak_time":1103,"minecraft:walk_under_water_one_cm":4340,"minecraft:boat_one_cm":162675,"minecraft:jump":262,"minecraft:leave_game":1,"minecraft:walk_on_water_one_cm":1789,"minecraft:time_since_death":18003,"minecraft:total_world_time":18049,"minecraft:fall_one_cm":6074}},"DataVersion":3465}