{"stats":{"minecraft:mined":{"minecraft:oak_log":9,"minecraft:oak_leaves":6},"minecraft:picked_up":{"minecraft:stick":1,"minecraft:oak_log":9},"minecraft:custom":{"minecraft:jump":52,"minecraft:time_since_rest":6003,"minecraft:crouch_one_cm":653,"minecraft:sprint_one_cm":6212,"minecraft:leave_game":1,"minecraft:play_time":6003,"minecraft:damage_taken":20,"minecraft:time_since_death":6003,"minecraft:walk_one_cm":6780,"minecraft:sneak_time":445,"minecraft:total_world_time":6049,"minecraft:fall_one_cm":1776,"minecraft:fly_one_cm":12087}},"DataVersion":3465}