{"stats":{"minecraft:killed_by":{"minecraft:creeper":1},"minecraft:crafted":{"minecraft:cooked_beef":5,"minecraft:oak_planks":76,"minecraft:crafting_table":3,"minecraft:wooden_pickaxe":2,"minecraft:furnace":2,"minecraft:stone_axe":2,"minecraft:cooked_mutton":6,"minecraft:air":0,"minecraft:oak_boat":2,"minecraft:iron_chestplate":1,"minecraft:shield":2,"minecraft:stick":36,"minecraft:iron_ingot":14,"minecraft:iron_pickaxe":1,"minecraft:stone_pickaxe":2,"minecraft:stone_sword":2,"minecraft:torch":32,"minecraft:shears":1},"minecraft:mined":{"minecraft:crafting_table":9,"minecraft:glow_lichen":1,"minecraft:granite":1,"minecraft:grass_block":6,"minecraft:tall_grass":4,"minecraft:cobblestone":1,"minecraft:oak_planks":4,"minecraft:sugar_cane":3,"minecraft:diorite":4,"minecraft:furnace":4,"minecraft:iron_ore":23,"minecraft:fire":1,"minecraft:yellow_bed":1,"minecraft:grass":7,"minecraft:oak_log":29,"minecraft:coal_ore":32,"minecraft:deepslate_iron_ore":11,"minecraft:dirt":13,"minecraft:cobweb":12,"minecraft:stone":79,"minecraft:deepslate":3,"minecraft:oak_leaves":10},"minecraft:used":{"minecraft:cooked_mutton":5,"minecraft:stone_sword":69,"minecraft:stone_pickaxe":120,"minecraft:oak_planks":10,"minecraft:wooden_pickaxe":19,"minecraft:shield":11,"minecraft:rotten_flesh":4,"minecraft:torch":19,"minecraft:dirt":12,"minecraft:crafting_table":10,"minecraft:shears":12,"minecraft:iron_pickaxe":24,"minecraft:stone_axe":43,"minecraft:cobblestone":7,"minecraft:beef":11,"minecraft:furnace":4,"minecraft:oak_boat":4,"minecraft:cooked_beef":2},"minecraft:picked_up":{"minecraft:crafting_table":9,"minecraft:feather":4,"minecraft:chicken":3,"minecraft:leather":6,"minecraft:wooden_pickaxe":1,"minecraft:oak_log":29,"minecraft:yellow_bed":1,"minecraft:dirt":19,"minecraft:string":5,"minecraft:bone":1,"minecraft:wheat_seeds":1,"minecraft:cobbled_deepslate":3,"minecraft:beef":21,"minecraft:cobweb":12,"minecraft:oak_boat":3,"minecraft:sugar_cane":8,"minecraft:oak_planks":5,"minecraft:furnace":4,"minecraft:stick":1,"minecraft:raw_iron":35,"minecraft:oak_fence":1,"minecraft:torch":1,"minecraft:gravel":1,"minecraft:porkchop":8,"minecraft:diorite":4,"minecraft:rotten_flesh":8,"minecraft:hay_block":1,"minecraft:granite":1,"minecraft:oak_sapling":1,"minecraft:mutton":6,"minecraft:coal":32,"minecraft:white_wool":4,"minecraft:rail":1,"minecraft:cobblestone":83},"minecraft:killed":{"minecraft:pig":4,"minecraft:zombie_villager":1,"minecraft:spider":2,"minecraft:sheep":4,"minecraft:skeleton":3,"minecraft:zombie":4,"minecraft:chicken":3,"minecraft:drowned":1,"minecraft:cow":11},"minecraft:custom":{"minecraft:interact_with_furnace":29,"minecraft:mob_kills":33,"minecraft:interact_with_crafting_table":16,"minecraft:leave_game":1,"minecraft:time_since_death":21079,"minecraft:time_since_rest":21099,"minecraft:sprint_one_cm":157192,"minecraft:damage_taken":1022,"minecraft:walk_one_cm":81442,"minecraft:damage_blocked_by_shield":720,"minecraft:drop":15,"minecraft:damage_dealt":4514,"minecraft:swim_one_cm":12797,"minecraft:fly_one_cm":235128,"minecraft:open_chest":2,"minecraft:crouch_one_cm":14060,"minecraft:play_time":53835,"minecraft:deaths":1,"minecraft:sneak_time":7244,"minecraft:walk_under_water_one_cm":5845,"minecraft:boat_one_cm":177660,"minecraft:jump":973,"minecraft:walk_on_water_one_cm":6088,"minecraft:total_world_time":53881,"minecraft:fall_one_cm":22146},"minecraft:dropped":{"minecraft:gravel":1,"minecraft:wheat_seeds":1,"minecraft:feather":4,"minecraft:oak_fence":1,"minecraft:rotten_flesh":1,"minecraft:oak_planks":1,"minecraft:rail":1,"minecraft:diorite":4,"minecraft:oak_sapling":1,"minecraft:stone_pickaxe":1,"minecraft:wooden_pickaxe":3}},"DataVersion":3465}