{"stats":{"minecraft:picked_up":{"minecraft:birch_log":13,"minecraft:stick":7,"minecraft:chicken":1,"minecraft:lilac":1,"minecraft:leather":1,"minecraft:red_mushroom":23,"minecraft:wooden_pickaxe":1,"minecraft:birch_planks":23,"minecraft:gunpowder":2,"minecraft:wooden_sword":1,"minecraft:rotten_flesh":2,"minecraft:wheat_seeds":6,"minecraft:iron_ingot":1,"minecraft:totem_of_undying":2,"minecraft:glowstone_dust":2,"minecraft:birch_sapling":9,"minecraft:furnace":1},"minecraft:mined":{"minecraft:birch_log":12,"minecraft:birch_leaves":2},"minecraft:dropped":{"minecraft:furnace":1,"minecraft:leather_chestplate":1,"minecraft:netherite_sword":1,"minecraft:birch_sapling":5,"minecraft:leather_boots":1,"minecraft:chicken":1,"minecraft:leather_leggings":1,"minecraft:leather_helmet":1},"minecraft:used":{"minecraft:deepslate_tiles":10,"minecraft:netherite_sword":4,"minecraft:light":18,"minecraft:red_wool":100,"minecraft:grass_block":68,"minecraft:birch_leaves":141,"minecraft:verdant_froglight":4,"minecraft:lectern":3,"minecraft:chest":21,"minecraft:bedrock":35,"minecraft:golden_apple":4,"minecraft:birch_log":16},"minecraft:custom":{"minecraft:time_since_rest":3181,"minecraft:walk_one_cm":98470,"minecraft:sprint_one_cm":62222,"minecraft:damage_taken":132,"minecraft:mob_kills":3,"minecraft:drop":12,"minecraft:damage_dealt":374,"minecraft:fly_one_cm":278537,"minecraft:open_chest":3,"minecraft:crouch_one_cm":1879,"minecraft:play_time":68210,"minecraft:deaths":1,"minecraft:sneak_time":1048,"minecraft:damage_dealt_resisted":42,"minecraft:jump":516,"minecraft:leave_game":2,"minecraft:time_since_death":3156,"minecraft:total_world_time":68210,"minecraft:fall_one_cm":7217},"minecraft:killed":{"minecraft:zombie":1,"minecraft:witch":1,"minecraft:chicken":1}},"DataVersion":3465}