{"stats":{"minecraft:picked_up":{"minecraft:wheat_seeds":4,"minecraft:red_mushroom":23},"minecraft:used":{"minecraft:deepslate_tiles":4,"minecraft:birch_log":1,"minecraft:verdant_froglight":4,"minecraft:bedrock":35,"minecraft:lectern":3,"minecraft:light":18,"minecraft:red_wool":99,"minecraft:birch_leaves":85,"minecraft:grass_block":42},"minecraft:custom":{"minecraft:jump":150,"minecraft:time_since_rest":37806,"minecraft:damage_taken":50,"minecraft:crouch_one_cm":29,"minecraft:play_time":37806,"minecraft:leave_game":1,"minecraft:sprint_one_cm":15688,"minecraft:time_since_death":37806,"minecraft:walk_one_cm":49553,"minecraft:sneak_time":202,"minecraft:total_world_time":37806,"minecraft:fly_one_cm":153301,"minecraft:fall_one_cm":965}},"DataVersion":3465}