{"stats":{"minecraft:picked_up":{"minecraft:stick":1,"minecraft:lilac":1,"minecraft:rotten_flesh":2,"minecraft:wheat_seeds":5,"minecraft:red_mushroom":23,"minecraft:iron_ingot":1,"minecraft:gunpowder":2,"minecraft:glowstone_dust":2,"minecraft:birch_sapling":1},"minecraft:dropped":{"minecraft:leather_leggings":1,"minecraft:leather_chestplate":1,"minecraft:netherite_sword":1,"minecraft:leather_helmet":1,"minecraft:leather_boots":1},"minecraft:custom":{"minecraft:time_since_rest":56210,"minecraft:crouch_one_cm":279,"minecraft:play_time":56210,"minecraft:sprint_one_cm":39560,"minecraft:damage_taken":70,"minecraft:walk_one_cm":77537,"minecraft:sneak_time":362,"minecraft:mob_kills":2,"minecraft:drop":5,"minecraft:jump":338,"minecraft:damage_dealt":316,"minecraft:leave_game":2,"minecraft:time_since_death":56210,"minecraft:total_world_time":56210,"minecraft:fall_one_cm":2552,"minecraft:fly_one_cm":233094},"minecraft:used":{"minecraft:deepslate_tiles":6,"minecraft:bedrock":35,"minecraft:netherite_sword":4,"minecraft:light":18,"minecraft:red_wool":100,"minecraft:birch_leaves":141,"minecraft:grass_block":68,"minecraft:verdant_froglight":4,"minecraft:birch_log":9,"minecraft:lectern":3},"minecraft:killed":{"minecraft:zombie":1,"minecraft:witch":1}},"DataVersion":3465}