{"stats":{"minecraft:used":{"minecraft:deepslate_tiles":4,"minecraft:bedrock":35,"minecraft:light":18,"minecraft:red_wool":99,"minecraft:birch_leaves":85,"minecraft:grass_block":37},"minecraft:custom":{"minecraft:jump":100,"minecraft:time_since_rest":18000,"minecraft:crouch_one_cm":29,"minecraft:sprint_one_cm":11303,"minecraft:play_time":18000,"minecraft:time_since_death":18000,"minecraft:walk_one_cm":26357,"minecraft:sneak_time":163,"minecraft:total_world_time":18000,"minecraft:fly_one_cm":65698},"minecraft:picked_up":{"minecraft:wheat_seeds":4,"minecraft:red_mushroom":23}},"DataVersion":3465}