{"stats":{"minecraft:killed_by":{"minecraft:skeleton":1,"minecraft:creeper":1},"minecraft:crafted":{"minecraft:cooked_beef":5,"minecraft:oak_planks":80,"minecraft:crafting_table":3,"minecraft:wooden_pickaxe":2,"minecraft:iron_sword":1,"minecraft:furnace":3,"minecraft:stone_axe":2,"minecraft:cooked_mutton":6,"minecraft:air":0,"minecraft:oak_boat":2,"minecraft:iron_chestplate":2,"minecraft:shield":2,"minecraft:iron_axe":1,"minecraft:stick":36,"minecraft:iron_ingot":39,"minecraft:iron_pickaxe":2,"minecraft:stone_pickaxe":2,"minecraft:stone_sword":2,"minecraft:iron_leggings":1,"minecraft:white_bed":1,"minecraft:torch":32,"minecraft:shears":1},"minecraft:mined":{"minecraft:crafting_table":11,"minecraft:glow_lichen":1,"minecraft:granite":8,"minecraft:calcite":4,"minecraft:grass_block":6,"minecraft:tall_grass":4,"minecraft:cobblestone":1,"minecraft:oak_planks":4,"minecraft:sugar_cane":3,"minecraft:diorite":4,"minecraft:amethyst_block":4,"minecraft:furnace":6,"minecraft:iron_ore":41,"minecraft:fire":1,"minecraft:yellow_bed":1,"minecraft:grass":7,"minecraft:oak_log":29,"minecraft:coal_ore":73,"minecraft:deepslate_iron_ore":11,"minecraft:dirt":13,"minecraft:cobweb":12,"minecraft:smooth_basalt":4,"minecraft:stone":79,"minecraft:deepslate":3,"minecraft:oak_leaves":10},"minecraft:used":{"minecraft:cooked_mutton":6,"minecraft:stone_sword":79,"minecraft:stone_pickaxe":171,"minecraft:oak_planks":10,"minecraft:wooden_pickaxe":19,"minecraft:shield":14,"minecraft:iron_sword":10,"minecraft:rotten_flesh":4,"minecraft:torch":29,"minecraft:dirt":12,"minecraft:crafting_table":12,"minecraft:shears":12,"minecraft:iron_axe":10,"minecraft:iron_pickaxe":53,"minecraft:stone_axe":45,"minecraft:cobblestone":7,"minecraft:beef":11,"minecraft:furnace":8,"minecraft:oak_boat":4,"minecraft:cooked_beef":2},"minecraft:picked_up":{"minecraft:crafting_table":11,"minecraft:feather":4,"minecraft:chicken":3,"minecraft:leather":6,"minecraft:wooden_pickaxe":1,"minecraft:oak_log":29,"minecraft:yellow_bed":1,"minecraft:gunpowder":2,"minecraft:amethyst_block":4,"minecraft:dirt":19,"minecraft:string":5,"minecraft:bone":2,"minecraft:wheat_seeds":2,"minecraft:cobbled_deepslate":3,"minecraft:beef":21,"minecraft:cobweb":12,"minecraft:oak_boat":3,"minecraft:calcite":4,"minecraft:sugar_cane":8,"minecraft:birch_sapling":1,"minecraft:oak_planks":5,"minecraft:furnace":6,"minecraft:stick":6,"minecraft:raw_iron":53,"minecraft:smooth_basalt":4,"minecraft:oak_fence":1,"minecraft:torch":1,"minecraft:gravel":1,"minecraft:porkchop":8,"minecraft:diorite":4,"minecraft:rotten_flesh":15,"minecraft:hay_block":1,"minecraft:granite":8,"minecraft:oak_sapling":7,"minecraft:mutton":6,"minecraft:coal":88,"minecraft:white_wool":4,"minecraft:rail":1,"minecraft:cobblestone":85},"minecraft:killed":{"minecraft:pig":4,"minecraft:zombie_villager":1,"minecraft:spider":2,"minecraft:creeper":1,"minecraft:sheep":4,"minecraft:skeleton":4,"minecraft:zombie":11,"minecraft:chicken":3,"minecraft:drowned":1,"minecraft:cow":11},"minecraft:custom":{"minecraft:interact_with_furnace":49,"minecraft:mob_kills":42,"minecraft:interact_with_crafting_table":22,"minecraft:leave_game":1,"minecraft:time_since_death":3995,"minecraft:time_since_rest":4058,"minecraft:sprint_one_cm":181158,"minecraft:damage_taken":1306,"minecraft:walk_one_cm":107682,"minecraft:damage_blocked_by_shield":930,"minecraft:drop":18,"minecraft:damage_dealt":6375,"minecraft:swim_one_cm":12797,"minecraft:fly_one_cm":307327,"minecraft:open_chest":2,"minecraft:crouch_one_cm":21305,"minecraft:play_time":65835,"minecraft:deaths":2,"minecraft:sneak_time":9699,"minecraft:walk_under_water_one_cm":6880,"minecraft:boat_one_cm":177660,"minecraft:jump":1218,"minecraft:walk_on_water_one_cm":9565,"minecraft:total_world_time":65881,"minecraft:fall_one_cm":26570},"minecraft:dropped":{"minecraft:gravel":1,"minecraft:stone_axe":1,"minecraft:wheat_seeds":1,"minecraft:stone_sword":1,"minecraft:feather":4,"minecraft:oak_fence":1,"minecraft:rotten_flesh":1,"minecraft:oak_planks":1,"minecraft:rail":1,"minecraft:diorite":4,"minecraft:oak_sapling":1,"minecraft:stone_pickaxe":2,"minecraft:wooden_pickaxe":3}},"DataVersion":3465}