{"stats":{"minecraft:killed_by":{"minecraft:creeper":1},"minecraft:crafted":{"minecraft:cooked_beef":3,"minecraft:oak_planks":36,"minecraft:cooked_porkchop":13,"minecraft:crafting_table":1,"minecraft:wooden_pickaxe":1,"minecraft:iron_helmet":1,"minecraft:iron_sword":1,"minecraft:furnace":1,"minecraft:stone_axe":1,"minecraft:cooked_mutton":6,"minecraft:air":0,"minecraft:iron_boots":1,"minecraft:iron_chestplate":1,"minecraft:charcoal":3,"minecraft:shield":1,"minecraft:iron_axe":1,"minecraft:stick":32,"minecraft:iron_ingot":46,"minecraft:iron_pickaxe":2,"minecraft:stone_pickaxe":2,"minecraft:iron_leggings":1,"minecraft:white_bed":1,"minecraft:torch":8},"minecraft:mined":{"minecraft:white_bed":2,"minecraft:crafting_table":9,"minecraft:torch":2,"minecraft:granite":2,"minecraft:grass_block":4,"minecraft:cobblestone":5,"minecraft:diorite":2,"minecraft:wall_torch":3,"minecraft:furnace":6,"minecraft:iron_ore":46,"minecraft:birch_leaves":1,"minecraft:andesite":7,"minecraft:grass":1,"minecraft:coal_ore":41,"minecraft:oak_log":94,"minecraft:gravel":20,"minecraft:dirt":23,"minecraft:stone":319,"minecraft:oak_leaves":15},"minecraft:used":{"minecraft:cooked_mutton":4,"minecraft:stone_pickaxe":182,"minecraft:wooden_pickaxe":29,"minecraft:shield":4,"minecraft:iron_sword":39,"minecraft:torch":6,"minecraft:dirt":10,"minecraft:crafting_table":9,"minecraft:white_bed":2,"minecraft:granite":2,"minecraft:iron_axe":101,"minecraft:iron_pickaxe":263,"minecraft:gravel":20,"minecraft:stone_axe":34,"minecraft:cobblestone":67,"minecraft:furnace":6,"minecraft:andesite":4,"minecraft:egg":1,"minecraft:cooked_beef":3},"minecraft:picked_up":{"minecraft:crafting_table":9,"minecraft:andesite":10,"minecraft:brown_wool":1,"minecraft:leather":2,"minecraft:oak_log":94,"minecraft:gunpowder":1,"minecraft:string":2,"minecraft:dirt":27,"minecraft:bone":4,"minecraft:beef":3,"minecraft:stone_pickaxe":1,"minecraft:glowstone_dust":2,"minecraft:egg":1,"minecraft:furnace":6,"minecraft:stick":1,"minecraft:raw_iron":46,"minecraft:torch":5,"minecraft:gravel":20,"minecraft:porkchop":13,"minecraft:diorite":4,"minecraft:white_bed":2,"minecraft:arrow":3,"minecraft:rotten_flesh":3,"minecraft:granite":2,"minecraft:gray_wool":1,"minecraft:oak_sapling":2,"minecraft:mutton":8,"minecraft:coal":94,"minecraft:white_wool":4,"minecraft:cobblestone":318},"minecraft:broken":{"minecraft:stone_pickaxe":1,"minecraft:iron_pickaxe":1},"minecraft:dropped":{"minecraft:rotten_flesh":3,"minecraft:gray_wool":1,"minecraft:diorite":4,"minecraft:mutton":2,"minecraft:andesite":3,"minecraft:brown_wool":1,"minecraft:stone_pickaxe":2},"minecraft:killed":{"minecraft:pig":6,"minecraft:witch":1,"minecraft:spider":2,"minecraft:sheep":6,"minecraft:skeleton":3,"minecraft:zombie":4,"minecraft:cow":1},"minecraft:custom":{"minecraft:interact_with_furnace":25,"minecraft:mob_kills":23,"minecraft:interact_with_crafting_table":15,"minecraft:leave_game":1,"minecraft:time_since_death":2983,"minecraft:time_since_rest":3052,"minecraft:sprint_one_cm":53009,"minecraft:damage_taken":784,"minecraft:walk_one_cm":48188,"minecraft:damage_blocked_by_shield":300,"minecraft:drop":12,"minecraft:damage_dealt":3198,"minecraft:talked_to_villager":1,"minecraft:swim_one_cm":3861,"minecraft:fly_one_cm":129848,"minecraft:open_chest":1,"minecraft:crouch_one_cm":23173,"minecraft:play_time":53968,"minecraft:deaths":1,"minecraft:sneak_time":8329,"minecraft:walk_under_water_one_cm":88,"minecraft:jump":492,"minecraft:walk_on_water_one_cm":268,"minecraft:total_world_time":53968,"minecraft:fall_one_cm":5409}},"DataVersion":3465}