{"stats":{"minecraft:crafted":{"minecraft:oak_planks":28,"minecraft:charcoal":3,"minecraft:crafting_table":1,"minecraft:stick":12,"minecraft:wooden_pickaxe":1,"minecraft:stone_pickaxe":1,"minecraft:furnace":1,"minecraft:torch":8,"minecraft:stone_axe":1},"minecraft:mined":{"minecraft:crafting_table":1,"minecraft:grass_block":3,"minecraft:oak_log":10,"minecraft:dirt":13,"minecraft:stone":39,"minecraft:diorite":2,"minecraft:oak_leaves":3},"minecraft:used":{"minecraft:stone_pickaxe":26,"minecraft:wooden_pickaxe":29,"minecraft:stone_axe":17,"minecraft:dirt":10,"minecraft:crafting_table":2,"minecraft:furnace":1},"minecraft:picked_up":{"minecraft:crafting_table":1,"minecraft:leather":2,"minecraft:oak_log":10,"minecraft:diorite":2,"minecraft:dirt":16,"minecraft:beef":3,"minecraft:gray_wool":1,"minecraft:mutton":6,"minecraft:white_wool":3,"minecraft:cobblestone":39,"minecraft:egg":1},"minecraft:killed":{"minecraft:sheep":4,"minecraft:cow":1},"minecraft:custom":{"minecraft:time_since_rest":6000,"minecraft:interact_with_furnace":2,"minecraft:sprint_one_cm":7244,"minecraft:walk_one_cm":6070,"minecraft:mob_kills":5,"minecraft:damage_dealt":420,"minecraft:interact_with_crafting_table":3,"minecraft:fly_one_cm":8870,"minecraft:crouch_one_cm":2492,"minecraft:play_time":6000,"minecraft:sneak_time":1053,"minecraft:jump":73,"minecraft:time_since_death":6000,"minecraft:total_world_time":6000,"minecraft:fall_one_cm":1258}},"DataVersion":3465}