{"stats":{"minecraft:crafted":{"minecraft:cooked_beef":3,"minecraft:oak_planks":28,"minecraft:iron_chestplate":1,"minecraft:charcoal":3,"minecraft:shield":1,"minecraft:crafting_table":1,"minecraft:stick":16,"minecraft:iron_pickaxe":2,"minecraft:iron_ingot":18,"minecraft:wooden_pickaxe":1,"minecraft:stone_pickaxe":2,"minecraft:furnace":1,"minecraft:torch":8,"minecraft:stone_axe":1,"minecraft:air":0,"minecraft:cooked_mutton":6},"minecraft:mined":{"minecraft:furnace":4,"minecraft:iron_ore":40,"minecraft:andesite":4,"minecraft:torch":2,"minecraft:crafting_table":6,"minecraft:granite":2,"minecraft:coal_ore":41,"minecraft:grass_block":3,"minecraft:oak_log":10,"minecraft:gravel":20,"minecraft:dirt":19,"minecraft:cobblestone":4,"minecraft:stone":278,"minecraft:wall_torch":3,"minecraft:diorite":2,"minecraft:oak_leaves":3},"minecraft:used":{"minecraft:cooked_mutton":2,"minecraft:stone_pickaxe":182,"minecraft:iron_pickaxe":203,"minecraft:wooden_pickaxe":29,"minecraft:gravel":3,"minecraft:torch":6,"minecraft:stone_axe":28,"minecraft:dirt":10,"minecraft:cobblestone":45,"minecraft:crafting_table":6,"minecraft:furnace":4,"minecraft:andesite":4,"minecraft:granite":2,"minecraft:cooked_beef":3},"minecraft:picked_up":{"minecraft:raw_iron":40,"minecraft:crafting_table":6,"minecraft:andesite":4,"minecraft:leather":2,"minecraft:torch":5,"minecraft:gravel":20,"minecraft:oak_log":10,"minecraft:diorite":2,"minecraft:dirt":22,"minecraft:arrow":1,"minecraft:stone_pickaxe":1,"minecraft:granite":2,"minecraft:beef":3,"minecraft:gray_wool":1,"minecraft:coal":60,"minecraft:mutton":6,"minecraft:furnace":4,"minecraft:white_wool":3,"minecraft:cobblestone":276,"minecraft:egg":1},"minecraft:broken":{"minecraft:stone_pickaxe":1},"minecraft:dropped":{"minecraft:stone_pickaxe":2},"minecraft:killed":{"minecraft:skeleton":1,"minecraft:sheep":4,"minecraft:cow":1},"minecraft:custom":{"minecraft:time_since_rest":29968,"minecraft:interact_with_furnace":10,"minecraft:sprint_one_cm":16774,"minecraft:damage_taken":386,"minecraft:walk_one_cm":22310,"minecraft:mob_kills":6,"minecraft:drop":2,"minecraft:damage_dealt":620,"minecraft:interact_with_crafting_table":9,"minecraft:fly_one_cm":17711,"minecraft:crouch_one_cm":19923,"minecraft:play_time":29968,"minecraft:sneak_time":7339,"minecraft:jump":184,"minecraft:leave_game":1,"minecraft:time_since_death":29968,"minecraft:total_world_time":29968,"minecraft:fall_one_cm":2698}},"DataVersion":3465}