{"stats":{"minecraft:killed_by":{"minecraft:zombie":1},"minecraft:crafted":{"minecraft:oak_planks":36,"minecraft:iron_chestplate":1,"minecraft:shield":1,"minecraft:crafting_table":2,"minecraft:stick":12,"minecraft:iron_ingot":14,"minecraft:wooden_pickaxe":2,"minecraft:stone_pickaxe":2,"minecraft:iron_sword":1,"minecraft:furnace":1,"minecraft:torch":4,"minecraft:birch_planks":16,"minecraft:stone_axe":1,"minecraft:air":0},"minecraft:mined":{"minecraft:hay_block":18,"minecraft:white_bed":1,"minecraft:furnace":1,"minecraft:iron_ore":14,"minecraft:birch_log":4,"minecraft:andesite":5,"minecraft:birch_leaves":1,"minecraft:crafting_table":2,"minecraft:grass":1,"minecraft:coal_ore":45,"minecraft:grass_block":6,"minecraft:oak_log":45,"minecraft:dirt":18,"minecraft:cobblestone":6,"minecraft:stone":84,"minecraft:oak_leaves":2,"minecraft:deepslate":40},"minecraft:used":{"minecraft:apple":1,"minecraft:bread":2,"minecraft:stone_pickaxe":192,"minecraft:wooden_pickaxe":11,"minecraft:iron_sword":5,"minecraft:stone_axe":42,"minecraft:crafting_table":3,"minecraft:furnace":1},"minecraft:picked_up":{"minecraft:birch_log":4,"minecraft:raw_iron":14,"minecraft:crafting_table":2,"minecraft:andesite":5,"minecraft:oak_log":45,"minecraft:white_bed":1,"minecraft:dirt":24,"minecraft:wheat_seeds":2,"minecraft:cobbled_deepslate":23,"minecraft:hay_block":18,"minecraft:coal":70,"minecraft:cobblestone":79,"minecraft:furnace":1},"minecraft:killed":{"minecraft:zombie":1},"minecraft:dropped":{"minecraft:wheat_seeds":2,"minecraft:oak_sapling":1},"minecraft:custom":{"minecraft:time_since_rest":227,"minecraft:interact_with_furnace":9,"minecraft:sprint_one_cm":46505,"minecraft:damage_taken":276,"minecraft:walk_one_cm":21330,"minecraft:mob_kills":1,"minecraft:drop":3,"minecraft:damage_dealt":200,"minecraft:interact_with_crafting_table":12,"minecraft:swim_one_cm":671,"minecraft:fly_one_cm":67221,"minecraft:open_chest":3,"minecraft:crouch_one_cm":5347,"minecraft:play_time":18000,"minecraft:deaths":1,"minecraft:sneak_time":3004,"minecraft:walk_under_water_one_cm":672,"minecraft:jump":367,"minecraft:time_since_death":131,"minecraft:walk_on_water_one_cm":753,"minecraft:total_world_time":18000,"minecraft:climb_one_cm":196,"minecraft:fall_one_cm":9705}},"DataVersion":3465}