{"stats":{"minecraft:crafted":{"minecraft:oak_planks":24,"minecraft:crafting_table":1,"minecraft:stick":4,"minecraft:stone_pickaxe":1,"minecraft:wooden_pickaxe":1},"minecraft:mined":{"minecraft:grass_block":5,"minecraft:oak_log":6,"minecraft:white_bed":1,"minecraft:dirt":16,"minecraft:birch_log":4,"minecraft:birch_leaves":1,"minecraft:stone":75,"minecraft:andesite":5,"minecraft:deepslate":40},"minecraft:used":{"minecraft:crafting_table":1,"minecraft:stone_pickaxe":118,"minecraft:wooden_pickaxe":8},"minecraft:picked_up":{"minecraft:birch_log":4,"minecraft:andesite":5,"minecraft:cobbled_deepslate":23,"minecraft:oak_log":6,"minecraft:white_bed":1,"minecraft:dirt":21,"minecraft:cobblestone":64},"minecraft:custom":{"minecraft:time_since_rest":6000,"minecraft:crouch_one_cm":1539,"minecraft:play_time":6000,"minecraft:sprint_one_cm":8617,"minecraft:walk_one_cm":4217,"minecraft:sneak_time":1548,"minecraft:walk_under_water_one_cm":37,"minecraft:jump":70,"minecraft:walk_on_water_one_cm":159,"minecraft:time_since_death":6000,"minecraft:climb_one_cm":196,"minecraft:total_world_time":6000,"minecraft:swim_one_cm":671,"minecraft:interact_with_crafting_table":2,"minecraft:fall_one_cm":2684,"minecraft:fly_one_cm":10517}},"DataVersion":3465}