{"stats":{"minecraft:picked_up":{"minecraft:birch_log":2,"minecraft:stick":1,"minecraft:wheat_seeds":1,"minecraft:player_head":4,"minecraft:birch_sapling":5,"minecraft:dirt":21},"minecraft:used":{"minecraft:dirt":2,"minecraft:birch_planks":1,"minecraft:player_head":4},"minecraft:mined":{"minecraft:grass":2,"minecraft:dirt":2,"minecraft:birch_log":3,"minecraft:birch_leaves":15,"minecraft:player_head":1},"minecraft:custom":{"minecraft:time_since_rest":7519,"minecraft:crouch_one_cm":8889,"minecraft:play_time":16045,"minecraft:sprint_one_cm":41444,"minecraft:damage_taken":800,"minecraft:walk_one_cm":48007,"minecraft:deaths":1,"minecraft:sneak_time":2695,"minecraft:walk_under_water_one_cm":115,"minecraft:drop":1,"minecraft:jump":395,"minecraft:damage_dealt":323,"minecraft:leave_game":5,"minecraft:walk_on_water_one_cm":486,"minecraft:time_since_death":7319,"minecraft:total_world_time":16045,"minecraft:fall_one_cm":9773,"minecraft:fly_one_cm":94966},"minecraft:crafted":{"minecraft:birch_planks":8},"minecraft:dropped":{"minecraft:birch_sapling":1}},"DataVersion":3465}