{"stats":{"minecraft:killed_by":{"minecraft:zombie":1},"minecraft:crafted":{"minecraft:oak_planks":48,"minecraft:leather_boots":1,"minecraft:crafting_table":2,"minecraft:wooden_pickaxe":2,"minecraft:iron_helmet":1,"minecraft:iron_sword":1,"minecraft:furnace":1,"minecraft:leather_helmet":1,"minecraft:birch_planks":16,"minecraft:stone_axe":1,"minecraft:bread":54,"minecraft:air":0,"minecraft:oak_boat":1,"minecraft:iron_chestplate":1,"minecraft:shield":1,"minecraft:stick":20,"minecraft:iron_ingot":26,"minecraft:iron_pickaxe":1,"minecraft:stone_pickaxe":2,"minecraft:iron_leggings":1,"minecraft:torch":28,"minecraft:wheat":162},"minecraft:mined":{"minecraft:dark_oak_planks":1,"minecraft:white_bed":1,"minecraft:dark_oak_log":1,"minecraft:crafting_table":6,"minecraft:torch":2,"minecraft:grass_block":10,"minecraft:dead_bush":3,"minecraft:tall_grass":4,"minecraft:cobblestone":8,"minecraft:lapis_ore":1,"minecraft:hay_block":18,"minecraft:furnace":3,"minecraft:birch_log":4,"minecraft:iron_ore":28,"minecraft:birch_leaves":1,"minecraft:andesite":6,"minecraft:grass":41,"minecraft:oak_log":45,"minecraft:coal_ore":47,"minecraft:dirt":26,"minecraft:stone":117,"minecraft:player_head":1,"minecraft:fern":7,"minecraft:oak_leaves":3,"minecraft:deepslate":40},"minecraft:used":{"minecraft:stone_pickaxe":241,"minecraft:oak_planks":2,"minecraft:shield":8,"minecraft:wooden_pickaxe":11,"minecraft:iron_sword":50,"minecraft:torch":23,"minecraft:dirt":12,"minecraft:crafting_table":7,"minecraft:dark_oak_planks":1,"minecraft:apple":1,"minecraft:bread":18,"minecraft:iron_pickaxe":12,"minecraft:stone_axe":50,"minecraft:cobblestone":40,"minecraft:furnace":3,"minecraft:oak_boat":1},"minecraft:picked_up":{"minecraft:birch_log":4,"minecraft:crafting_table":7,"minecraft:iron_chestplate":1,"minecraft:feather":2,"minecraft:chicken":1,"minecraft:andesite":6,"minecraft:leather":9,"minecraft:wooden_pickaxe":1,"minecraft:potato":4,"minecraft:birch_planks":5,"minecraft:oak_log":81,"minecraft:shield":1,"minecraft:lapis_lazuli":4,"minecraft:dirt":39,"minecraft:apple":2,"minecraft:wheat_seeds":6,"minecraft:cobbled_deepslate":23,"minecraft:beef":18,"minecraft:iron_ingot":3,"minecraft:stone_pickaxe":1,"minecraft:player_head":1,"minecraft:iron_sword":1,"minecraft:oak_planks":6,"minecraft:furnace":4,"minecraft:book":1,"minecraft:raw_iron":28,"minecraft:torch":6,"minecraft:porkchop":6,"minecraft:white_bed":2,"minecraft:dark_oak_planks":1,"minecraft:rotten_flesh":2,"minecraft:stone_axe":1,"minecraft:hay_block":36,"minecraft:bread":11,"minecraft:mutton":10,"minecraft:coal":183,"minecraft:white_wool":6,"minecraft:cobblestone":119},"minecraft:killed":{"minecraft:pig":4,"minecraft:sheep":6,"minecraft:skeleton":1,"minecraft:zombie":1,"minecraft:chicken":1,"minecraft:cow":8},"minecraft:dropped":{"minecraft:wheat_seeds":3,"minecraft:leather_helmet":1,"minecraft:oak_sapling":1},"minecraft:custom":{"minecraft:interact_with_furnace":21,"minecraft:mob_kills":21,"minecraft:interact_with_crafting_table":20,"minecraft:time_since_death":42131,"minecraft:climb_one_cm":390,"minecraft:time_since_rest":42227,"minecraft:sprint_one_cm":222010,"minecraft:damage_taken":641,"minecraft:walk_one_cm":82572,"minecraft:damage_blocked_by_shield":630,"minecraft:drop":5,"minecraft:damage_dealt":2180,"minecraft:swim_one_cm":46495,"minecraft:fly_one_cm":507629,"minecraft:open_chest":6,"minecraft:crouch_one_cm":14957,"minecraft:play_time":60000,"minecraft:deaths":1,"minecraft:sneak_time":5435,"minecraft:walk_under_water_one_cm":2380,"minecraft:boat_one_cm":48150,"minecraft:jump":1991,"minecraft:walk_on_water_one_cm":9544,"minecraft:total_world_time":60000,"minecraft:fall_one_cm":54859}},"DataVersion":3465}