{"stats":{"minecraft:picked_up":{"minecraft:birch_log":16,"minecraft:stick":5,"minecraft:raw_iron":4,"minecraft:leather":1,"minecraft:wooden_pickaxe":2,"minecraft:birch_planks":64,"minecraft:dirt":27,"minecraft:golden_hoe":1,"minecraft:wheat_seeds":1,"minecraft:beef":3,"minecraft:player_head":4,"minecraft:totem_of_undying":3,"minecraft:mutton":1,"minecraft:birch_sapling":5,"minecraft:coal":22,"minecraft:white_wool":2,"minecraft:cobblestone":24,"minecraft:furnace":1},"minecraft:crafted":{"minecraft:shield":1,"minecraft:crafting_table":1,"minecraft:stick":4,"minecraft:iron_ingot":4,"minecraft:wooden_pickaxe":1,"minecraft:stone_pickaxe":1,"minecraft:furnace":1,"minecraft:birch_planks":36,"minecraft:air":0},"minecraft:mined":{"minecraft:furnace":1,"minecraft:birch_log":10,"minecraft:iron_ore":4,"minecraft:fire":1,"minecraft:birch_leaves":15,"minecraft:grass":2,"minecraft:grass_block":1,"minecraft:coal_ore":8,"minecraft:dirt":2,"minecraft:stone":22,"minecraft:player_head":1},"minecraft:dropped":{"minecraft:furnace":1,"minecraft:dirt":2,"minecraft:birch_planks":4,"minecraft:mutton":1,"minecraft:birch_sapling":1,"minecraft:leather":1,"minecraft:totem_of_undying":1,"minecraft:white_wool":2,"minecraft:coal":14},"minecraft:used":{"minecraft:netherite_sword":1,"minecraft:birch_planks":1,"minecraft:stone_pickaxe":35,"minecraft:wooden_pickaxe":4,"minecraft:player_head":4,"minecraft:golden_hoe":1,"minecraft:dirt":2,"minecraft:crafting_table":1,"minecraft:furnace":1},"minecraft:custom":{"minecraft:time_since_rest":969,"minecraft:interact_with_furnace":3,"minecraft:sprint_one_cm":59330,"minecraft:damage_taken":1388,"minecraft:walk_one_cm":67029,"minecraft:mob_kills":1,"minecraft:drop":12,"minecraft:damage_dealt":404,"minecraft:interact_with_crafting_table":4,"minecraft:player_kills":1,"minecraft:fly_one_cm":197218,"minecraft:open_chest":6,"minecraft:crouch_one_cm":9943,"minecraft:play_time":28045,"minecraft:deaths":5,"minecraft:sneak_time":3298,"minecraft:walk_under_water_one_cm":551,"minecraft:damage_dealt_resisted":54,"minecraft:jump":647,"minecraft:leave_game":5,"minecraft:time_since_death":936,"minecraft:walk_on_water_one_cm":686,"minecraft:total_world_time":28045,"minecraft:fall_one_cm":13152},"minecraft:killed":{"minecraft:sheep":1},"minecraft:killed_by":{"minecraft:player":1}},"DataVersion":3465}