{"stats":{"minecraft:picked_up":{"minecraft:birch_log":1},"minecraft:used":{"minecraft:birch_planks":1},"minecraft:mined":{"minecraft:birch_log":1},"minecraft:custom":{"minecraft:time_since_rest":40,"minecraft:deaths":1,"minecraft:damage_dealt":70,"minecraft:crouch_one_cm":7037,"minecraft:play_time":8566,"minecraft:leave_game":2,"minecraft:sprint_one_cm":31597,"minecraft:damage_taken":260,"minecraft:time_since_death":0,"minecraft:walk_one_cm":27766,"minecraft:sneak_time":1573,"minecraft:total_world_time":8566,"minecraft:fall_one_cm":6463,"minecraft:fly_one_cm":38742,"minecraft:jump":214},"minecraft:crafted":{"minecraft:birch_planks":4}},"DataVersion":3465}